Image,Component,Origin
scenescape-autocalibration,ConfigArgParse==1.7.5,pypi
scenescape-autocalibration,Flask-SocketIO==5.6.1,pypi
scenescape-autocalibration,Flask==3.1.3,pypi
scenescape-autocalibration,Jinja2==3.1.6,pypi
scenescape-autocalibration,MarkupSafe==3.0.3,pypi
scenescape-autocalibration,PySocks==1.7.1,pypi
scenescape-autocalibration,PyYAML==6.0.3,pypi
scenescape-autocalibration,Pygments==2.19.2,pypi
scenescape-autocalibration,Werkzeug==3.1.6,pypi
scenescape-autocalibration,addict==2.4.0,pypi
scenescape-autocalibration,asttokens==3.0.1,pypi
scenescape-autocalibration,attrs==25.4.0,pypi
scenescape-autocalibration,beautifulsoup4==4.14.3,pypi
scenescape-autocalibration,bidict==0.23.1,pypi
scenescape-autocalibration,blinker==1.9.0,pypi
scenescape-autocalibration,certifi==2026.2.25,pypi
scenescape-autocalibration,cffi==2.0.0,pypi
scenescape-autocalibration,charset-normalizer==3.4.5,pypi
scenescape-autocalibration,click==8.3.1,pypi
scenescape-autocalibration,comm==0.2.3,pypi
scenescape-autocalibration,contourpy==1.3.3,pypi
scenescape-autocalibration,cryptography==46.0.5,pypi
scenescape-autocalibration,curl:7.88.1-10+deb12u14,Ubuntu
scenescape-autocalibration,cycler==0.12.1,pypi
scenescape-autocalibration,dash==4.0.0,pypi
scenescape-autocalibration,decorator==5.2.1,pypi
scenescape-autocalibration,dnspython==2.8.0,pypi
scenescape-autocalibration,dt_apriltags @ file:///tmp/dt_apriltags-3.3.0-py3-none-any.whl#sha256=f5241c8347751572647629b3afba291d403164e1a593fb0f076e542ccd1436b6,pypi
scenescape-autocalibration,durationpy==0.10,pypi
scenescape-autocalibration,eventlet==0.40.3,pypi
scenescape-autocalibration,executing==2.2.1,pypi
scenescape-autocalibration,fastjsonschema==2.21.2,pypi
scenescape-autocalibration,filelock==3.25.1,pypi
scenescape-autocalibration,fonttools==4.62.0,pypi
scenescape-autocalibration,fsspec==2026.2.0,pypi
scenescape-autocalibration,gdown==5.2.1,pypi
scenescape-autocalibration,google-auth==2.49.0,pypi
scenescape-autocalibration,greenlet==3.3.2,pypi
scenescape-autocalibration,h11==0.16.0,pypi
scenescape-autocalibration,h5py==3.15.1,pypi
scenescape-autocalibration,hloc @ file:///tmp/hloc-1.3-py3-none-any.whl#sha256=cfa30da2c64ddae4b5742050bef43cf21b32937ea14639e7f5966e257a079bea,pypi
scenescape-autocalibration,idna==3.11,pypi
scenescape-autocalibration,importlib_metadata==8.7.1,pypi
scenescape-autocalibration,ipython==9.10.0,pypi
scenescape-autocalibration,ipython_pygments_lexers==1.1.1,pypi
scenescape-autocalibration,ipywidgets==8.1.8,pypi
scenescape-autocalibration,isodate==0.7.2,pypi
scenescape-autocalibration,itsdangerous==2.2.0,pypi
scenescape-autocalibration,jedi==0.19.2,pypi
scenescape-autocalibration,joblib==1.5.3,pypi
scenescape-autocalibration,jsonschema-specifications==2025.9.1,pypi
scenescape-autocalibration,jsonschema==4.26.0,pypi
scenescape-autocalibration,jupyter_core==5.9.1,pypi
scenescape-autocalibration,jupyterlab_widgets==3.0.16,pypi
scenescape-autocalibration,kiwisolver==1.5.0,pypi
scenescape-autocalibration,kornia==0.8.2,pypi
scenescape-autocalibration,kornia_rs==0.1.10,pypi
scenescape-autocalibration,kubernetes==34.1.0,pypi
scenescape-autocalibration,libbrotli1:amd64:1.0.9-2+b6,Ubuntu
scenescape-autocalibration,libbsd0:amd64:0.11.7-2,Ubuntu
scenescape-autocalibration,libcurl4:amd64:7.88.1-10+deb12u14,Ubuntu
scenescape-autocalibration,libdrm-amdgpu1:amd64:2.4.114-1+b1,Ubuntu
scenescape-autocalibration,libdrm-common:2.4.114-1,Ubuntu
scenescape-autocalibration,libdrm-intel1:amd64:2.4.114-1+b1,Ubuntu
scenescape-autocalibration,libdrm-nouveau2:amd64:2.4.114-1+b1,Ubuntu
scenescape-autocalibration,libdrm-radeon1:amd64:2.4.114-1+b1,Ubuntu
scenescape-autocalibration,libdrm2:amd64:2.4.114-1+b1,Ubuntu
scenescape-autocalibration,libedit2:amd64:3.1-20221030-2,Ubuntu
scenescape-autocalibration,libegl-mesa0:amd64:22.3.6-1+deb12u1,Ubuntu
scenescape-autocalibration,libegl1:amd64:1.6.0-1,Ubuntu
scenescape-autocalibration,libelf1:amd64:0.188-2.1,Ubuntu
scenescape-autocalibration,libexpat1:amd64:2.5.0-1+deb12u2,Ubuntu
scenescape-autocalibration,libgbm1:amd64:22.3.6-1+deb12u1,Ubuntu
scenescape-autocalibration,libgl1-mesa-dri:amd64:22.3.6-1+deb12u1,Ubuntu
scenescape-autocalibration,libgl1:amd64:1.6.0-1,Ubuntu
scenescape-autocalibration,libglapi-mesa:amd64:22.3.6-1+deb12u1,Ubuntu
scenescape-autocalibration,libglib2.0-0:amd64:2.74.6-2+deb12u8,Ubuntu
scenescape-autocalibration,libglvnd0:amd64:1.6.0-1,Ubuntu
scenescape-autocalibration,libglx-mesa0:amd64:22.3.6-1+deb12u1,Ubuntu
scenescape-autocalibration,libglx0:amd64:1.6.0-1,Ubuntu
scenescape-autocalibration,libgomp1:amd64:12.2.0-14+deb12u1,Ubuntu
scenescape-autocalibration,libicu72:amd64:72.1-3+deb12u1,Ubuntu
scenescape-autocalibration,libldap-2.5-0:amd64:2.5.13+dfsg-5,Ubuntu
scenescape-autocalibration,libllvm15:amd64:1:15.0.6-4+b1,Ubuntu
scenescape-autocalibration,libnghttp2-14:amd64:1.52.0-1+deb12u2,Ubuntu
scenescape-autocalibration,libpciaccess0:amd64:0.17-2,Ubuntu
scenescape-autocalibration,libpsl5:amd64:0.21.2-1,Ubuntu
scenescape-autocalibration,libpython3-stdlib:amd64:3.11.2-1+b1,Ubuntu
scenescape-autocalibration,libpython3.11-minimal:amd64:3.11.2-6+deb12u6,Ubuntu
scenescape-autocalibration,libpython3.11-stdlib:amd64:3.11.2-6+deb12u6,Ubuntu
scenescape-autocalibration,librtmp1:amd64:2.4+20151223.gitfa8646d.1-2+b2,Ubuntu
scenescape-autocalibration,libsasl2-2:amd64:2.1.28+dfsg-10,Ubuntu
scenescape-autocalibration,libsasl2-modules-db:amd64:2.1.28+dfsg-10,Ubuntu
scenescape-autocalibration,libsensors-config:1:3.6.0-7.1,Ubuntu
scenescape-autocalibration,libsensors5:amd64:1:3.6.0-7.1,Ubuntu
scenescape-autocalibration,libssh2-1:amd64:1.10.0-3+b1,Ubuntu
scenescape-autocalibration,libwayland-client0:amd64:1.21.0-1,Ubuntu
scenescape-autocalibration,libwayland-server0:amd64:1.21.0-1,Ubuntu
scenescape-autocalibration,libx11-6:amd64:2:1.8.4-2+deb12u2,Ubuntu
scenescape-autocalibration,libx11-data:2:1.8.4-2+deb12u2,Ubuntu
scenescape-autocalibration,libx11-xcb1:amd64:2:1.8.4-2+deb12u2,Ubuntu
scenescape-autocalibration,libxau6:amd64:1:1.0.9-1,Ubuntu
scenescape-autocalibration,libxcb-dri2-0:amd64:1.15-1,Ubuntu
scenescape-autocalibration,libxcb-dri3-0:amd64:1.15-1,Ubuntu
scenescape-autocalibration,libxcb-glx0:amd64:1.15-1,Ubuntu
scenescape-autocalibration,libxcb-present0:amd64:1.15-1,Ubuntu
scenescape-autocalibration,libxcb-randr0:amd64:1.15-1,Ubuntu
scenescape-autocalibration,libxcb-shm0:amd64:1.15-1,Ubuntu
scenescape-autocalibration,libxcb-sync1:amd64:1.15-1,Ubuntu
scenescape-autocalibration,libxcb-xfixes0:amd64:1.15-1,Ubuntu
scenescape-autocalibration,libxcb1:amd64:1.15-1,Ubuntu
scenescape-autocalibration,libxdmcp6:amd64:1:1.1.2-3,Ubuntu
scenescape-autocalibration,libxext6:amd64:2:1.3.4-1+b1,Ubuntu
scenescape-autocalibration,libxfixes3:amd64:1:6.0.0-2,Ubuntu
scenescape-autocalibration,libxml2:amd64:2.9.14+dfsg-1.3~deb12u5,Ubuntu
scenescape-autocalibration,libxshmfence1:amd64:1.3-1,Ubuntu
scenescape-autocalibration,libxxf86vm1:amd64:1:1.1.4-1+b2,Ubuntu
scenescape-autocalibration,libz3-4:amd64:4.8.12-3.1,Ubuntu
scenescape-autocalibration,lxml==6.0.2,pypi
scenescape-autocalibration,matplotlib-inline==0.2.1,pypi
scenescape-autocalibration,matplotlib==3.10.8,pypi
scenescape-autocalibration,media-types:10.0.0,Ubuntu
scenescape-autocalibration,mpmath==1.3.0,pypi
scenescape-autocalibration,narwhals==2.18.0,pypi
scenescape-autocalibration,nbformat==5.10.4,pypi
scenescape-autocalibration,nest-asyncio==1.6.0,pypi
scenescape-autocalibration,networkx==3.6.1,pypi
scenescape-autocalibration,numpy==2.2.6,pypi
scenescape-autocalibration,oauthlib==3.3.1,pypi
scenescape-autocalibration,onvif_zeep==0.2.12,pypi
scenescape-autocalibration,open3d-cpu==0.19.0,pypi
scenescape-autocalibration,opencv-python-headless==4.12.0.88,pypi
scenescape-autocalibration,packaging==26.0,pypi
scenescape-autocalibration,paho-mqtt==2.1.0,pypi
scenescape-autocalibration,pandas==3.0.1,pypi
scenescape-autocalibration,parso==0.8.6,pypi
scenescape-autocalibration,pexpect==4.9.0,pypi
scenescape-autocalibration,pillow==12.1.1,pypi
scenescape-autocalibration,pip==26.0.1,pypi
scenescape-autocalibration,platformdirs==4.9.4,pypi
scenescape-autocalibration,plotly==6.6.0,pypi
scenescape-autocalibration,prompt_toolkit==3.0.52,pypi
scenescape-autocalibration,ptyprocess==0.7.0,pypi
scenescape-autocalibration,pure_eval==0.2.3,pypi
scenescape-autocalibration,pyasn1==0.6.2,pypi
scenescape-autocalibration,pyasn1_modules==0.4.2,pypi
scenescape-autocalibration,pycolmap==0.6.0,pypi
scenescape-autocalibration,pycparser==3.0,pypi
scenescape-autocalibration,pyparsing==3.3.2,pypi
scenescape-autocalibration,pyquaternion==0.9.9,pypi
scenescape-autocalibration,python-dateutil==2.9.0.post0,pypi
scenescape-autocalibration,python-engineio==4.13.1,pypi
scenescape-autocalibration,python-socketio==5.16.1,pypi
scenescape-autocalibration,python3-distutils:3.11.2-3,Ubuntu
scenescape-autocalibration,python3-lib2to3:3.11.2-3,Ubuntu
scenescape-autocalibration,python3-minimal:3.11.2-1+b1,Ubuntu
scenescape-autocalibration,python3-pip:23.0.1+dfsg-1,Ubuntu
scenescape-autocalibration,python3-pkg-resources:66.1.1-1+deb12u2,Ubuntu
scenescape-autocalibration,python3-setuptools:66.1.1-1+deb12u2,Ubuntu
scenescape-autocalibration,python3-wheel:0.38.4-2,Ubuntu
scenescape-autocalibration,python3.11-minimal:3.11.2-6+deb12u6,Ubuntu
scenescape-autocalibration,python3.11:3.11.2-6+deb12u6,Ubuntu
scenescape-autocalibration,python3:3.11.2-1+b1,Ubuntu
scenescape-autocalibration,pytz==2026.1.post1,pypi
scenescape-autocalibration,referencing==0.37.0,pypi
scenescape-autocalibration,requests-file==3.0.1,pypi
scenescape-autocalibration,requests-oauthlib==2.0.0,pypi
scenescape-autocalibration,requests-toolbelt==1.0.0,pypi
scenescape-autocalibration,requests==2.32.5,pypi
scenescape-autocalibration,retrying==1.4.2,pypi
scenescape-autocalibration,rpds-py==0.30.0,pypi
scenescape-autocalibration,rsa==4.9.1,pypi
scenescape-autocalibration,scikit-learn==1.8.0,pypi
scenescape-autocalibration,scipy==1.16.3,pypi
scenescape-autocalibration,setuptools==82.0.1,pypi
scenescape-autocalibration,simple-websocket==1.1.0,pypi
scenescape-autocalibration,six==1.17.0,pypi
scenescape-autocalibration,soupsieve==2.8.3,pypi
scenescape-autocalibration,stack-data==0.6.3,pypi
scenescape-autocalibration,sympy==1.14.0,pypi
scenescape-autocalibration,third_party @ file:///tmp/third_party-1.0.0-py3-none-any.whl#sha256=81f4923e9bf13f8014394beddd4822383e6fc4d6397035a91ed83eb3016471d7,pypi
scenescape-autocalibration,threadpoolctl==3.6.0,pypi
scenescape-autocalibration,torch==2.10.0+cpu,pypi
scenescape-autocalibration,torchvision==0.25.0+cpu,pypi
scenescape-autocalibration,tqdm==4.67.3,pypi
scenescape-autocalibration,traitlets==5.14.3,pypi
scenescape-autocalibration,trimesh==4.11.2,pypi
scenescape-autocalibration,typing_extensions==4.15.0,pypi
scenescape-autocalibration,urllib3==2.3.0,pypi
scenescape-autocalibration,wcwidth==0.6.0,pypi
scenescape-autocalibration,websocket-client==1.9.0,pypi
scenescape-autocalibration,wget:1.21.3-1+deb12u1,Ubuntu
scenescape-autocalibration,wheel==0.46.3,pypi
scenescape-autocalibration,widgetsnbextension==4.0.15,pypi
scenescape-autocalibration,wsproto==1.3.2,pypi
scenescape-autocalibration,zeep==4.3.2,pypi
scenescape-autocalibration,zipp==3.23.0,pypi
scenescape-cluster-analytics,Flask-SocketIO==5.4.1,pypi
scenescape-cluster-analytics,Flask==3.1.1,pypi
scenescape-cluster-analytics,Jinja2==3.1.6,pypi
scenescape-cluster-analytics,MarkupSafe==3.0.3,pypi
scenescape-cluster-analytics,Werkzeug==3.1.5,pypi
scenescape-cluster-analytics,bidict==0.23.1,pypi
scenescape-cluster-analytics,blinker==1.9.0,pypi
scenescape-cluster-analytics,click==8.3.0,pypi
scenescape-cluster-analytics,dnspython==2.7.0,pypi
scenescape-cluster-analytics,eventlet==0.40.3,pypi
scenescape-cluster-analytics,greenlet==3.1.1,pypi
scenescape-cluster-analytics,h11==0.16.0,pypi
scenescape-cluster-analytics,itsdangerous==2.2.0,pypi
scenescape-cluster-analytics,joblib==1.5.2,pypi
scenescape-cluster-analytics,libbsd0:amd64:0.11.7-2,Ubuntu
scenescape-cluster-analytics,libdrm-amdgpu1:amd64:2.4.114-1+b1,Ubuntu
scenescape-cluster-analytics,libdrm-common:2.4.114-1,Ubuntu
scenescape-cluster-analytics,libdrm-intel1:amd64:2.4.114-1+b1,Ubuntu
scenescape-cluster-analytics,libdrm-nouveau2:amd64:2.4.114-1+b1,Ubuntu
scenescape-cluster-analytics,libdrm-radeon1:amd64:2.4.114-1+b1,Ubuntu
scenescape-cluster-analytics,libdrm2:amd64:2.4.114-1+b1,Ubuntu
scenescape-cluster-analytics,libedit2:amd64:3.1-20221030-2,Ubuntu
scenescape-cluster-analytics,libelf1:amd64:0.188-2.1,Ubuntu
scenescape-cluster-analytics,libexpat1:amd64:2.5.0-1+deb12u2,Ubuntu
scenescape-cluster-analytics,libgl1-mesa-dri:amd64:22.3.6-1+deb12u1,Ubuntu
scenescape-cluster-analytics,libgl1:amd64:1.6.0-1,Ubuntu
scenescape-cluster-analytics,libglapi-mesa:amd64:22.3.6-1+deb12u1,Ubuntu
scenescape-cluster-analytics,libglib2.0-0:amd64:2.74.6-2+deb12u8,Ubuntu
scenescape-cluster-analytics,libglvnd0:amd64:1.6.0-1,Ubuntu
scenescape-cluster-analytics,libglx-mesa0:amd64:22.3.6-1+deb12u1,Ubuntu
scenescape-cluster-analytics,libglx0:amd64:1.6.0-1,Ubuntu
scenescape-cluster-analytics,libicu72:amd64:72.1-3+deb12u1,Ubuntu
scenescape-cluster-analytics,libllvm15:amd64:1:15.0.6-4+b1,Ubuntu
scenescape-cluster-analytics,libpciaccess0:amd64:0.17-2,Ubuntu
scenescape-cluster-analytics,libsensors-config:1:3.6.0-7.1,Ubuntu
scenescape-cluster-analytics,libsensors5:amd64:1:3.6.0-7.1,Ubuntu
scenescape-cluster-analytics,libx11-6:amd64:2:1.8.4-2+deb12u2,Ubuntu
scenescape-cluster-analytics,libx11-data:2:1.8.4-2+deb12u2,Ubuntu
scenescape-cluster-analytics,libx11-xcb1:amd64:2:1.8.4-2+deb12u2,Ubuntu
scenescape-cluster-analytics,libxau6:amd64:1:1.0.9-1,Ubuntu
scenescape-cluster-analytics,libxcb-dri2-0:amd64:1.15-1,Ubuntu
scenescape-cluster-analytics,libxcb-dri3-0:amd64:1.15-1,Ubuntu
scenescape-cluster-analytics,libxcb-glx0:amd64:1.15-1,Ubuntu
scenescape-cluster-analytics,libxcb-present0:amd64:1.15-1,Ubuntu
scenescape-cluster-analytics,libxcb-randr0:amd64:1.15-1,Ubuntu
scenescape-cluster-analytics,libxcb-shm0:amd64:1.15-1,Ubuntu
scenescape-cluster-analytics,libxcb-sync1:amd64:1.15-1,Ubuntu
scenescape-cluster-analytics,libxcb-xfixes0:amd64:1.15-1,Ubuntu
scenescape-cluster-analytics,libxcb1:amd64:1.15-1,Ubuntu
scenescape-cluster-analytics,libxdmcp6:amd64:1:1.1.2-3,Ubuntu
scenescape-cluster-analytics,libxext6:amd64:2:1.3.4-1+b1,Ubuntu
scenescape-cluster-analytics,libxfixes3:amd64:1:6.0.0-2,Ubuntu
scenescape-cluster-analytics,libxml2:amd64:2.9.14+dfsg-1.3~deb12u5,Ubuntu
scenescape-cluster-analytics,libxshmfence1:amd64:1.3-1,Ubuntu
scenescape-cluster-analytics,libxxf86vm1:amd64:1:1.1.4-1+b2,Ubuntu
scenescape-cluster-analytics,libz3-4:amd64:4.8.12-3.1,Ubuntu
scenescape-cluster-analytics,numpy==2.3.5,pypi
scenescape-cluster-analytics,opencv-python-headless==4.11.0.86,pypi
scenescape-cluster-analytics,packaging==24.2,pypi
scenescape-cluster-analytics,paho-mqtt==2.1.0,pypi
scenescape-cluster-analytics,pip==26.0.1,pypi
scenescape-cluster-analytics,protobuf==6.33.5,pypi
scenescape-cluster-analytics,python-engineio==4.12.3,pypi
scenescape-cluster-analytics,python-socketio==5.14.0,pypi
scenescape-cluster-analytics,scikit-learn==1.6.1,pypi
scenescape-cluster-analytics,scipy==1.16.2,pypi
scenescape-cluster-analytics,setuptools==82.0.1,pypi
scenescape-cluster-analytics,simple-websocket==1.1.0,pypi
scenescape-cluster-analytics,threadpoolctl==3.6.0,pypi
scenescape-cluster-analytics,wheel==0.46.3,pypi
scenescape-cluster-analytics,wsproto==1.2.0,pypi
scenescape-controller,ConfigArgParse==1.7.5,pypi
scenescape-controller,Flask==3.1.3,pypi
scenescape-controller,Jinja2==3.1.6,pypi
scenescape-controller,MarkupSafe==3.0.3,pypi
scenescape-controller,PyYAML==6.0.3,pypi
scenescape-controller,Pygments==2.19.2,pypi
scenescape-controller,Werkzeug==3.1.6,pypi
scenescape-controller,addict==2.4.0,pypi
scenescape-controller,asttokens==3.0.1,pypi
scenescape-controller,attrs==25.4.0,pypi
scenescape-controller,blinker==1.9.0,pypi
scenescape-controller,certifi==2026.2.25,pypi
scenescape-controller,charset-normalizer==3.4.5,pypi
scenescape-controller,click==8.3.1,pypi
scenescape-controller,comm==0.2.3,pypi
scenescape-controller,contourpy==1.3.3,pypi
scenescape-controller,cycler==0.12.1,pypi
scenescape-controller,dash==4.0.0,pypi
scenescape-controller,decorator==5.2.1,pypi
scenescape-controller,executing==2.2.1,pypi
scenescape-controller,fastjsonschema==2.21.2,pypi
scenescape-controller,fontconfig-config:2.14.1-4,Ubuntu
scenescape-controller,fontconfig:2.14.1-4,Ubuntu
scenescape-controller,fonts-dejavu-core:2.37-6,Ubuntu
scenescape-controller,fonttools==4.62.0,pypi
scenescape-controller,gdal-data:3.6.2+dfsg-1,Ubuntu
scenescape-controller,gdal-plugins:3.6.2+dfsg-1+b2,Ubuntu
scenescape-controller,googleapis-common-protos==1.73.0,pypi
scenescape-controller,gosu:1.14-1+b10,Ubuntu
scenescape-controller,grpcio==1.78.0,pypi
scenescape-controller,idna==3.11,pypi
scenescape-controller,importlib_metadata==8.7.1,pypi
scenescape-controller,ipython==9.10.0,pypi
scenescape-controller,ipython_pygments_lexers==1.1.1,pypi
scenescape-controller,ipywidgets==8.1.8,pypi
scenescape-controller,itsdangerous==2.2.0,pypi
scenescape-controller,jedi==0.19.2,pypi
scenescape-controller,joblib==1.5.3,pypi
scenescape-controller,jsonschema-specifications==2025.9.1,pypi
scenescape-controller,jsonschema==4.26.0,pypi
scenescape-controller,jupyter_core==5.9.1,pypi
scenescape-controller,jupyterlab_widgets==3.0.16,pypi
scenescape-controller,kiwisolver==1.5.0,pypi
scenescape-controller,libaec0:amd64:1.0.6-1+b1,Ubuntu
scenescape-controller,libaom3:amd64:3.6.0-1+deb12u2,Ubuntu
scenescape-controller,libarchive13:amd64:3.6.2-1+deb12u3,Ubuntu
scenescape-controller,libarmadillo11:1:11.4.2+dfsg-1,Ubuntu
scenescape-controller,libarpack2:amd64:3.8.0-3,Ubuntu
scenescape-controller,libblas3:amd64:3.11.0-2,Ubuntu
scenescape-controller,libblosc1:amd64:1.21.3+ds-1,Ubuntu
scenescape-controller,libbrotli1:amd64:1.0.9-2+b6,Ubuntu
scenescape-controller,libbsd0:amd64:0.11.7-2,Ubuntu
scenescape-controller,libcfitsio10:amd64:4.2.0-3,Ubuntu
scenescape-controller,libcharls2:amd64:2.4.1-1,Ubuntu
scenescape-controller,libcurl3-gnutls:amd64:7.88.1-10+deb12u14,Ubuntu
scenescape-controller,libcurl4:amd64:7.88.1-10+deb12u14,Ubuntu
scenescape-controller,libdav1d6:amd64:1.0.0-2+deb12u1,Ubuntu
scenescape-controller,libdbus-1-3:amd64:1.14.10-1~deb12u1,Ubuntu
scenescape-controller,libde265-0:amd64:1.0.11-1+deb12u2,Ubuntu
scenescape-controller,libdeflate0:amd64:1.14-1,Ubuntu
scenescape-controller,libdouble-conversion3:amd64:3.2.1-1,Ubuntu
scenescape-controller,libdrm-amdgpu1:amd64:2.4.114-1+b1,Ubuntu
scenescape-controller,libdrm-common:2.4.114-1,Ubuntu
scenescape-controller,libdrm-intel1:amd64:2.4.114-1+b1,Ubuntu
scenescape-controller,libdrm-nouveau2:amd64:2.4.114-1+b1,Ubuntu
scenescape-controller,libdrm-radeon1:amd64:2.4.114-1+b1,Ubuntu
scenescape-controller,libdrm2:amd64:2.4.114-1+b1,Ubuntu
scenescape-controller,libedit2:amd64:3.1-20221030-2,Ubuntu
scenescape-controller,libegl-mesa0:amd64:22.3.6-1+deb12u1,Ubuntu
scenescape-controller,libegl1:amd64:1.6.0-1,Ubuntu
scenescape-controller,libelf1:amd64:0.188-2.1,Ubuntu
scenescape-controller,libevdev2:amd64:1.13.0+dfsg-1,Ubuntu
scenescape-controller,libexpat1:amd64:2.5.0-1+deb12u2,Ubuntu
scenescape-controller,libfontconfig1:amd64:2.14.1-4,Ubuntu
scenescape-controller,libfreetype6:amd64:2.12.1+dfsg-5+deb12u4,Ubuntu
scenescape-controller,libfreexl1:amd64:1.0.6-2,Ubuntu
scenescape-controller,libfyba0:amd64:4.1.1-8,Ubuntu
scenescape-controller,libgbm1:amd64:22.3.6-1+deb12u1,Ubuntu
scenescape-controller,libgdal32:3.6.2+dfsg-1+b2,Ubuntu
scenescape-controller,libgdcm3.0:amd64:3.0.21-1,Ubuntu
scenescape-controller,libgeos-c1v5:amd64:3.11.1-1,Ubuntu
scenescape-controller,libgeos3.11.1:amd64:3.11.1-1,Ubuntu
scenescape-controller,libgeotiff5:amd64:1.7.1-2+b1,Ubuntu
scenescape-controller,libgfortran5:amd64:12.2.0-14+deb12u1,Ubuntu
scenescape-controller,libgif7:amd64:5.2.1-2.5,Ubuntu
scenescape-controller,libgl1-mesa-dri:amd64:22.3.6-1+deb12u1,Ubuntu
scenescape-controller,libgl1:amd64:1.6.0-1,Ubuntu
scenescape-controller,libglapi-mesa:amd64:22.3.6-1+deb12u1,Ubuntu
scenescape-controller,libglib2.0-0:amd64:2.74.6-2+deb12u8,Ubuntu
scenescape-controller,libglvnd0:amd64:1.6.0-1,Ubuntu
scenescape-controller,libglx-mesa0:amd64:22.3.6-1+deb12u1,Ubuntu
scenescape-controller,libglx0:amd64:1.6.0-1,Ubuntu
scenescape-controller,libgomp1:amd64:12.2.0-14+deb12u1,Ubuntu
scenescape-controller,libgraphite2-3:amd64:1.3.14-1,Ubuntu
scenescape-controller,libgudev-1.0-0:amd64:237-2,Ubuntu
scenescape-controller,libharfbuzz0b:amd64:6.0.0+dfsg-3,Ubuntu
scenescape-controller,libhdf4-0-alt:4.2.15-5,Ubuntu
scenescape-controller,libhdf5-103-1:amd64:1.10.8+repack1-1,Ubuntu
scenescape-controller,libhdf5-hl-100:amd64:1.10.8+repack1-1,Ubuntu
scenescape-controller,libheif1:amd64:1.15.1-1+deb12u1,Ubuntu
scenescape-controller,libhwloc15:amd64:2.9.0-1,Ubuntu
scenescape-controller,libice6:amd64:2:1.0.10-1,Ubuntu
scenescape-controller,libicu72:amd64:72.1-3+deb12u1,Ubuntu
scenescape-controller,libimath-3-1-29:amd64:3.1.6-1,Ubuntu
scenescape-controller,libinput-bin:1.22.1-1,Ubuntu
scenescape-controller,libinput10:amd64:1.22.1-1,Ubuntu
scenescape-controller,libjbig0:amd64:2.1-6.1,Ubuntu
scenescape-controller,libjpeg62-turbo:amd64:1:2.1.5-2,Ubuntu
scenescape-controller,libjson-c5:amd64:0.16-2,Ubuntu
scenescape-controller,libkmlbase1:amd64:1.3.0-10,Ubuntu
scenescape-controller,libkmldom1:amd64:1.3.0-10,Ubuntu
scenescape-controller,libkmlengine1:amd64:1.3.0-10,Ubuntu
scenescape-controller,liblapack3:amd64:3.11.0-2,Ubuntu
scenescape-controller,liblcms2-2:amd64:2.14-2,Ubuntu
scenescape-controller,libldap-2.5-0:amd64:2.5.13+dfsg-5,Ubuntu
scenescape-controller,liblept5:amd64:1.82.0-3+b3,Ubuntu
scenescape-controller,liblerc4:amd64:4.0.0+ds-2,Ubuntu
scenescape-controller,libllvm15:amd64:1:15.0.6-4+b1,Ubuntu
scenescape-controller,libltdl7:amd64:2.4.7-7~deb12u1,Ubuntu
scenescape-controller,libmariadb3:amd64:1:10.11.14-0+deb12u2,Ubuntu
scenescape-controller,libmd4c0:amd64:0.4.8-1,Ubuntu
scenescape-controller,libminizip1:amd64:1.1-8+deb12u1,Ubuntu
scenescape-controller,libmtdev1:amd64:1.1.6-1,Ubuntu
scenescape-controller,libnetcdf19:amd64:1:4.9.0-3+b1,Ubuntu
scenescape-controller,libnghttp2-14:amd64:1.52.0-1+deb12u2,Ubuntu
scenescape-controller,libnspr4:amd64:2:4.35-1,Ubuntu
scenescape-controller,libnss3:amd64:2:3.87.1-1+deb12u2,Ubuntu
scenescape-controller,libnuma1:amd64:2.0.16-1,Ubuntu
scenescape-controller,libodbc2:amd64:2.3.11-2+deb12u1,Ubuntu
scenescape-controller,libodbcinst2:amd64:2.3.11-2+deb12u1,Ubuntu
scenescape-controller,libogdi4.1:4.1.0+ds-6,Ubuntu
scenescape-controller,libopencv-calib3d406:amd64:4.6.0+dfsg-12,Ubuntu
scenescape-controller,libopencv-contrib406:amd64:4.6.0+dfsg-12,Ubuntu
scenescape-controller,libopencv-core406:amd64:4.6.0+dfsg-12,Ubuntu
scenescape-controller,libopencv-dnn406:amd64:4.6.0+dfsg-12,Ubuntu
scenescape-controller,libopencv-features2d406:amd64:4.6.0+dfsg-12,Ubuntu
scenescape-controller,libopencv-flann406:amd64:4.6.0+dfsg-12,Ubuntu
scenescape-controller,libopencv-highgui406:amd64:4.6.0+dfsg-12,Ubuntu
scenescape-controller,libopencv-imgcodecs406:amd64:4.6.0+dfsg-12,Ubuntu
scenescape-controller,libopencv-imgproc406:amd64:4.6.0+dfsg-12,Ubuntu
scenescape-controller,libopencv-ml406:amd64:4.6.0+dfsg-12,Ubuntu
scenescape-controller,libopencv-objdetect406:amd64:4.6.0+dfsg-12,Ubuntu
scenescape-controller,libopencv-stitching406:amd64:4.6.0+dfsg-12,Ubuntu
scenescape-controller,libopencv-video406:amd64:4.6.0+dfsg-12,Ubuntu
scenescape-controller,libopenexr-3-1-30:amd64:3.1.5-5,Ubuntu
scenescape-controller,libopengl0:amd64:1.6.0-1,Ubuntu
scenescape-controller,libopenjp2-7:amd64:2.5.0-2+deb12u2,Ubuntu
scenescape-controller,libpciaccess0:amd64:0.17-2,Ubuntu
scenescape-controller,libpcre2-16-0:amd64:10.42-1,Ubuntu
scenescape-controller,libpng16-16:amd64:1.6.39-2+deb12u3,Ubuntu
scenescape-controller,libpoppler126:amd64:22.12.0-2+deb12u1,Ubuntu
scenescape-controller,libpq5:amd64:15.16-0+deb12u1,Ubuntu
scenescape-controller,libproj25:amd64:9.1.1-1+b1,Ubuntu
scenescape-controller,libprotobuf32:amd64:3.21.12-3,Ubuntu
scenescape-controller,libpsl5:amd64:0.21.2-1,Ubuntu
scenescape-controller,libpython3-stdlib:amd64:3.11.2-1+b1,Ubuntu
scenescape-controller,libpython3.11-minimal:amd64:3.11.2-6+deb12u6,Ubuntu
scenescape-controller,libpython3.11-stdlib:amd64:3.11.2-6+deb12u6,Ubuntu
scenescape-controller,libpython3.11:amd64:3.11.2-6+deb12u6,Ubuntu
scenescape-controller,libqhull-r8.0:amd64:2020.2-5,Ubuntu
scenescape-controller,libqt5core5a:amd64:5.15.8+dfsg-11+deb12u3,Ubuntu
scenescape-controller,libqt5dbus5:amd64:5.15.8+dfsg-11+deb12u3,Ubuntu
scenescape-controller,libqt5gui5:amd64:5.15.8+dfsg-11+deb12u3,Ubuntu
scenescape-controller,libqt5network5:amd64:5.15.8+dfsg-11+deb12u3,Ubuntu
scenescape-controller,libqt5opengl5:amd64:5.15.8+dfsg-11+deb12u3,Ubuntu
scenescape-controller,libqt5test5:amd64:5.15.8+dfsg-11+deb12u3,Ubuntu
scenescape-controller,libqt5widgets5:amd64:5.15.8+dfsg-11+deb12u3,Ubuntu
scenescape-controller,libquadmath0:amd64:12.2.0-14+deb12u1,Ubuntu
scenescape-controller,librtmp1:amd64:2.4+20151223.gitfa8646d.1-2+b2,Ubuntu
scenescape-controller,librttopo1:amd64:1.1.0-3,Ubuntu
scenescape-controller,libsasl2-2:amd64:2.1.28+dfsg-10,Ubuntu
scenescape-controller,libsasl2-modules-db:amd64:2.1.28+dfsg-10,Ubuntu
scenescape-controller,libsensors-config:1:3.6.0-7.1,Ubuntu
scenescape-controller,libsensors5:amd64:1:3.6.0-7.1,Ubuntu
scenescape-controller,libsm6:amd64:2:1.2.3-1,Ubuntu
scenescape-controller,libsnappy1v5:amd64:1.1.9-3,Ubuntu
scenescape-controller,libsocket++1:amd64:1.12.13+git20131030.5d039ba-1+b1,Ubuntu
scenescape-controller,libspatialite7:amd64:5.0.1-3,Ubuntu
scenescape-controller,libssh2-1:amd64:1.10.0-3+b1,Ubuntu
scenescape-controller,libsuperlu5:amd64:5.3.0+dfsg1-2+b1,Ubuntu
scenescape-controller,libsz2:amd64:1.0.6-1+b1,Ubuntu
scenescape-controller,libtbb12:amd64:2021.8.0-2+deb12u1,Ubuntu
scenescape-controller,libtbbbind-2-5:amd64:2021.8.0-2+deb12u1,Ubuntu
scenescape-controller,libtbbmalloc2:amd64:2021.8.0-2+deb12u1,Ubuntu
scenescape-controller,libtesseract5:amd64:5.3.0-2,Ubuntu
scenescape-controller,libtiff6:amd64:4.5.0-6+deb12u3,Ubuntu
scenescape-controller,liburiparser1:amd64:0.9.7+dfsg-2,Ubuntu
scenescape-controller,libwacom-common:2.6.0-1,Ubuntu
scenescape-controller,libwacom9:amd64:2.6.0-1,Ubuntu
scenescape-controller,libwayland-client0:amd64:1.21.0-1,Ubuntu
scenescape-controller,libwayland-server0:amd64:1.21.0-1,Ubuntu
scenescape-controller,libwebp7:amd64:1.2.4-0.2+deb12u1,Ubuntu
scenescape-controller,libwebpmux3:amd64:1.2.4-0.2+deb12u1,Ubuntu
scenescape-controller,libx11-6:amd64:2:1.8.4-2+deb12u2,Ubuntu
scenescape-controller,libx11-data:2:1.8.4-2+deb12u2,Ubuntu
scenescape-controller,libx11-xcb1:amd64:2:1.8.4-2+deb12u2,Ubuntu
scenescape-controller,libx265-199:amd64:3.5-2+b1,Ubuntu
scenescape-controller,libxau6:amd64:1:1.0.9-1,Ubuntu
scenescape-controller,libxcb-dri2-0:amd64:1.15-1,Ubuntu
scenescape-controller,libxcb-dri3-0:amd64:1.15-1,Ubuntu
scenescape-controller,libxcb-glx0:amd64:1.15-1,Ubuntu
scenescape-controller,libxcb-icccm4:amd64:0.4.1-1.1,Ubuntu
scenescape-controller,libxcb-image0:amd64:0.4.0-2,Ubuntu
scenescape-controller,libxcb-keysyms1:amd64:0.4.0-1+b2,Ubuntu
scenescape-controller,libxcb-present0:amd64:1.15-1,Ubuntu
scenescape-controller,libxcb-randr0:amd64:1.15-1,Ubuntu
scenescape-controller,libxcb-render-util0:amd64:0.3.9-1+b1,Ubuntu
scenescape-controller,libxcb-render0:amd64:1.15-1,Ubuntu
scenescape-controller,libxcb-shape0:amd64:1.15-1,Ubuntu
scenescape-controller,libxcb-shm0:amd64:1.15-1,Ubuntu
scenescape-controller,libxcb-sync1:amd64:1.15-1,Ubuntu
scenescape-controller,libxcb-util1:amd64:0.4.0-1+b1,Ubuntu
scenescape-controller,libxcb-xfixes0:amd64:1.15-1,Ubuntu
scenescape-controller,libxcb-xinerama0:amd64:1.15-1,Ubuntu
scenescape-controller,libxcb-xinput0:amd64:1.15-1,Ubuntu
scenescape-controller,libxcb-xkb1:amd64:1.15-1,Ubuntu
scenescape-controller,libxcb1:amd64:1.15-1,Ubuntu
scenescape-controller,libxdmcp6:amd64:1:1.1.2-3,Ubuntu
scenescape-controller,libxerces-c3.2:amd64:3.2.4+debian-1,Ubuntu
scenescape-controller,libxext6:amd64:2:1.3.4-1+b1,Ubuntu
scenescape-controller,libxfixes3:amd64:1:6.0.0-2,Ubuntu
scenescape-controller,libxkbcommon-x11-0:amd64:1.5.0-1,Ubuntu
scenescape-controller,libxkbcommon0:amd64:1.5.0-1,Ubuntu
scenescape-controller,libxml2:amd64:2.9.14+dfsg-1.3~deb12u5,Ubuntu
scenescape-controller,libxrender1:amd64:1:0.9.10-1.1,Ubuntu
scenescape-controller,libxshmfence1:amd64:1.3-1,Ubuntu
scenescape-controller,libxxf86vm1:amd64:1:1.1.4-1+b2,Ubuntu
scenescape-controller,libz3-4:amd64:4.8.12-3.1,Ubuntu
scenescape-controller,mapbox_earcut==1.0.3,pypi
scenescape-controller,mariadb-common:1:10.11.14-0+deb12u2,Ubuntu
scenescape-controller,matplotlib-inline==0.2.1,pypi
scenescape-controller,matplotlib==3.10.8,pypi
scenescape-controller,media-types:10.0.0,Ubuntu
scenescape-controller,mysql-common:5.8+1.1.0,Ubuntu
scenescape-controller,narwhals==2.18.0,pypi
scenescape-controller,nbformat==5.10.4,pypi
scenescape-controller,nest-asyncio==1.6.0,pypi
scenescape-controller,ntplib==0.4.0,pypi
scenescape-controller,numpy==2.2.6,pypi
scenescape-controller,open3d-cpu==0.19.0,pypi
scenescape-controller,opencv-python-headless==4.12.0.88,pypi
scenescape-controller,opentelemetry-api==1.38.0,pypi
scenescape-controller,opentelemetry-exporter-otlp-proto-common==1.38.0,pypi
scenescape-controller,opentelemetry-exporter-otlp-proto-grpc==1.38.0,pypi
scenescape-controller,opentelemetry-proto==1.38.0,pypi
scenescape-controller,opentelemetry-sdk==1.38.0,pypi
scenescape-controller,opentelemetry-semantic-conventions==0.59b0,pypi
scenescape-controller,orjson==3.11.5,pypi
scenescape-controller,packaging==26.0,pypi
scenescape-controller,paho-mqtt==2.1.0,pypi
scenescape-controller,pandas==3.0.1,pypi
scenescape-controller,parso==0.8.6,pypi
scenescape-controller,pexpect==4.9.0,pypi
scenescape-controller,pillow==12.1.1,pypi
scenescape-controller,pip==26.0.1,pypi
scenescape-controller,platformdirs==4.9.4,pypi
scenescape-controller,plotly==6.6.0,pypi
scenescape-controller,proj-data:9.1.1-1,Ubuntu
scenescape-controller,prompt_toolkit==3.0.52,pypi
scenescape-controller,protobuf==7.34.0,pypi
scenescape-controller,ptyprocess==0.7.0,pypi
scenescape-controller,pure_eval==0.2.3,pypi
scenescape-controller,pyparsing==3.3.2,pypi
scenescape-controller,pyquaternion==0.9.9,pypi
scenescape-controller,python-dateutil==2.9.0.post0,pypi
scenescape-controller,python3-distutils:3.11.2-3,Ubuntu
scenescape-controller,python3-lib2to3:3.11.2-3,Ubuntu
scenescape-controller,python3-minimal:3.11.2-1+b1,Ubuntu
scenescape-controller,python3-pip:23.0.1+dfsg-1,Ubuntu
scenescape-controller,python3-pkg-resources:66.1.1-1+deb12u2,Ubuntu
scenescape-controller,python3-setuptools:66.1.1-1+deb12u2,Ubuntu
scenescape-controller,python3-wheel:0.38.4-2,Ubuntu
scenescape-controller,python3.11-minimal:3.11.2-6+deb12u6,Ubuntu
scenescape-controller,python3.11:3.11.2-6+deb12u6,Ubuntu
scenescape-controller,python3:3.11.2-1+b1,Ubuntu
scenescape-controller,referencing==0.37.0,pypi
scenescape-controller,requests==2.32.5,pypi
scenescape-controller,retrying==1.4.2,pypi
scenescape-controller,rpds-py==0.30.0,pypi
scenescape-controller,scikit-learn==1.8.0,pypi
scenescape-controller,scipy==1.16.3,pypi
scenescape-controller,setuptools==82.0.1,pypi
scenescape-controller,shapely==2.1.1,pypi
scenescape-controller,shared-mime-info:2.2-1,Ubuntu
scenescape-controller,six==1.17.0,pypi
scenescape-controller,stack-data==0.6.3,pypi
scenescape-controller,sudo:1.9.13p3-1+deb12u3,Ubuntu
scenescape-controller,threadpoolctl==3.6.0,pypi
scenescape-controller,tqdm==4.67.3,pypi
scenescape-controller,traitlets==5.14.3,pypi
scenescape-controller,trimesh==4.11.2,pypi
scenescape-controller,typing_extensions==4.15.0,pypi
scenescape-controller,unixodbc-common:2.3.11-2+deb12u1,Ubuntu
scenescape-controller,urllib3==2.6.3,pypi
scenescape-controller,vdms==0.0.22,pypi
scenescape-controller,wcwidth==0.6.0,pypi
scenescape-controller,wheel==0.46.3,pypi
scenescape-controller,widgetsnbextension==4.0.15,pypi
scenescape-controller,x11-common:1:7.7+23,Ubuntu
scenescape-controller,xkb-data:2.35.1-1,Ubuntu
scenescape-controller,zipp==3.23.0,pypi
scenescape-manager,ConfigArgParse==1.7.5,pypi
scenescape-manager,Django==5.2.12,pypi
scenescape-manager,Flask==3.1.3,pypi
scenescape-manager,Jinja2==3.1.6,pypi
scenescape-manager,MarkupSafe==3.0.3,pypi
scenescape-manager,PyYAML==6.0.3,pypi
scenescape-manager,Pygments==2.19.2,pypi
scenescape-manager,Werkzeug==3.1.6,pypi
scenescape-manager,addict==2.4.0,pypi
scenescape-manager,aiofiles==25.1.0,pypi
scenescape-manager,apache2-bin:2.4.66-1~deb12u1,Ubuntu
scenescape-manager,apache2-data:2.4.66-1~deb12u1,Ubuntu
scenescape-manager,apache2-utils:2.4.66-1~deb12u1,Ubuntu
scenescape-manager,apache2:2.4.66-1~deb12u1,Ubuntu
scenescape-manager,asgiref==3.11.1,pypi
scenescape-manager,asttokens==3.0.1,pypi
scenescape-manager,attrs==25.4.0,pypi
scenescape-manager,bindfs:1.14.7-1,Ubuntu
scenescape-manager,blinker==1.9.0,pypi
scenescape-manager,bzip2:1.0.8-5+b1,Ubuntu
scenescape-manager,certifi==2026.2.25,pypi
scenescape-manager,cffi==2.0.0,pypi
scenescape-manager,charset-normalizer==3.4.5,pypi
scenescape-manager,click==8.3.1,pypi
scenescape-manager,comm==0.2.3,pypi
scenescape-manager,contourpy==1.3.3,pypi
scenescape-manager,cryptography==46.0.5,pypi
scenescape-manager,curl:7.88.1-10+deb12u14,Ubuntu
scenescape-manager,cycler==0.12.1,pypi
scenescape-manager,dash==4.0.0,pypi
scenescape-manager,decorator==5.2.1,pypi
scenescape-manager,django-axes==8.0.0,pypi
scenescape-manager,django-debug-toolbar==6.0.0,pypi
scenescape-manager,django-session-timeout==0.1.0,pypi
scenescape-manager,djangorestframework==3.16.1,pypi
scenescape-manager,durationpy==0.10,pypi
scenescape-manager,executing==2.2.1,pypi
scenescape-manager,fastjsonschema==2.21.2,pypi
scenescape-manager,fonttools==4.62.0,pypi
scenescape-manager,fuse:2.9.9-6+b1,Ubuntu
scenescape-manager,google-auth==2.49.0,pypi
scenescape-manager,idna==3.11,pypi
scenescape-manager,importlib_metadata==8.7.1,pypi
scenescape-manager,ipython==9.10.0,pypi
scenescape-manager,ipython_pygments_lexers==1.1.1,pypi
scenescape-manager,ipywidgets==8.1.8,pypi
scenescape-manager,isodate==0.7.2,pypi
scenescape-manager,itsdangerous==2.2.0,pypi
scenescape-manager,jedi==0.19.2,pypi
scenescape-manager,joblib==1.5.3,pypi
scenescape-manager,jsonschema-specifications==2025.9.1,pypi
scenescape-manager,jsonschema==4.25.1,pypi
scenescape-manager,jupyter_core==5.9.1,pypi
scenescape-manager,jupyterlab_widgets==3.0.16,pypi
scenescape-manager,kiwisolver==1.5.0,pypi
scenescape-manager,kubernetes==33.1.0,pypi
scenescape-manager,libapache2-mod-wsgi-py3:4.9.4-1+b2,Ubuntu
scenescape-manager,libapr1:amd64:1.7.2-3+deb12u1,Ubuntu
scenescape-manager,libaprutil1-dbd-sqlite3:amd64:1.6.3-1,Ubuntu
scenescape-manager,libaprutil1-ldap:amd64:1.6.3-1,Ubuntu
scenescape-manager,libaprutil1:amd64:1.6.3-1,Ubuntu
scenescape-manager,libbrotli1:amd64:1.0.9-2+b6,Ubuntu
scenescape-manager,libbsd0:amd64:0.11.7-2,Ubuntu
scenescape-manager,libcjson1:amd64:1.7.15-1+deb12u4,Ubuntu
scenescape-manager,libcurl4:amd64:7.88.1-10+deb12u14,Ubuntu
scenescape-manager,libdrm-amdgpu1:amd64:2.4.114-1+b1,Ubuntu
scenescape-manager,libdrm-common:2.4.114-1,Ubuntu
scenescape-manager,libdrm-intel1:amd64:2.4.114-1+b1,Ubuntu
scenescape-manager,libdrm-nouveau2:amd64:2.4.114-1+b1,Ubuntu
scenescape-manager,libdrm-radeon1:amd64:2.4.114-1+b1,Ubuntu
scenescape-manager,libdrm2:amd64:2.4.114-1+b1,Ubuntu
scenescape-manager,libedit2:amd64:3.1-20221030-2,Ubuntu
scenescape-manager,libegl-mesa0:amd64:22.3.6-1+deb12u1,Ubuntu
scenescape-manager,libegl1:amd64:1.6.0-1,Ubuntu
scenescape-manager,libelf1:amd64:0.188-2.1,Ubuntu
scenescape-manager,libexpat1:amd64:2.5.0-1+deb12u2,Ubuntu
scenescape-manager,libfuse2:amd64:2.9.9-6+b1,Ubuntu
scenescape-manager,libgbm1:amd64:22.3.6-1+deb12u1,Ubuntu
scenescape-manager,libgdbm-compat4:amd64:1.23-3,Ubuntu
scenescape-manager,libgl1-mesa-dri:amd64:22.3.6-1+deb12u1,Ubuntu
scenescape-manager,libgl1:amd64:1.6.0-1,Ubuntu
scenescape-manager,libglapi-mesa:amd64:22.3.6-1+deb12u1,Ubuntu
scenescape-manager,libglib2.0-0:amd64:2.74.6-2+deb12u8,Ubuntu
scenescape-manager,libglvnd0:amd64:1.6.0-1,Ubuntu
scenescape-manager,libglx-mesa0:amd64:22.3.6-1+deb12u1,Ubuntu
scenescape-manager,libglx0:amd64:1.6.0-1,Ubuntu
scenescape-manager,libgomp1:amd64:12.2.0-14+deb12u1,Ubuntu
scenescape-manager,libicu72:amd64:72.1-3+deb12u1,Ubuntu
scenescape-manager,libjansson4:amd64:2.14-2,Ubuntu
scenescape-manager,libldap-2.5-0:amd64:2.5.13+dfsg-5,Ubuntu
scenescape-manager,libllvm15:amd64:1:15.0.6-4+b1,Ubuntu
scenescape-manager,liblua5.3-0:amd64:5.3.6-2,Ubuntu
scenescape-manager,libmosquitto1:amd64:2.0.11-1.2+deb12u2,Ubuntu
scenescape-manager,libnghttp2-14:amd64:1.52.0-1+deb12u2,Ubuntu
scenescape-manager,libpciaccess0:amd64:0.17-2,Ubuntu
scenescape-manager,libperl5.36:amd64:5.36.0-7+deb12u3,Ubuntu
scenescape-manager,libproc2-0:amd64:2:4.0.2-3,Ubuntu
scenescape-manager,libpsl5:amd64:0.21.2-1,Ubuntu
scenescape-manager,libpython3-stdlib:amd64:3.11.2-1+b1,Ubuntu
scenescape-manager,libpython3.11-minimal:amd64:3.11.2-6+deb12u6,Ubuntu
scenescape-manager,libpython3.11-stdlib:amd64:3.11.2-6+deb12u6,Ubuntu
scenescape-manager,libpython3.11:amd64:3.11.2-6+deb12u6,Ubuntu
scenescape-manager,librtmp1:amd64:2.4+20151223.gitfa8646d.1-2+b2,Ubuntu
scenescape-manager,libsasl2-2:amd64:2.1.28+dfsg-10,Ubuntu
scenescape-manager,libsasl2-modules-db:amd64:2.1.28+dfsg-10,Ubuntu
scenescape-manager,libsensors-config:1:3.6.0-7.1,Ubuntu
scenescape-manager,libsensors5:amd64:1:3.6.0-7.1,Ubuntu
scenescape-manager,libssh2-1:amd64:1.10.0-3+b1,Ubuntu
scenescape-manager,libwayland-client0:amd64:1.21.0-1,Ubuntu
scenescape-manager,libwayland-server0:amd64:1.21.0-1,Ubuntu
scenescape-manager,libx11-6:amd64:2:1.8.4-2+deb12u2,Ubuntu
scenescape-manager,libx11-data:2:1.8.4-2+deb12u2,Ubuntu
scenescape-manager,libx11-xcb1:amd64:2:1.8.4-2+deb12u2,Ubuntu
scenescape-manager,libxau6:amd64:1:1.0.9-1,Ubuntu
scenescape-manager,libxcb-dri2-0:amd64:1.15-1,Ubuntu
scenescape-manager,libxcb-dri3-0:amd64:1.15-1,Ubuntu
scenescape-manager,libxcb-glx0:amd64:1.15-1,Ubuntu
scenescape-manager,libxcb-present0:amd64:1.15-1,Ubuntu
scenescape-manager,libxcb-randr0:amd64:1.15-1,Ubuntu
scenescape-manager,libxcb-shm0:amd64:1.15-1,Ubuntu
scenescape-manager,libxcb-sync1:amd64:1.15-1,Ubuntu
scenescape-manager,libxcb-xfixes0:amd64:1.15-1,Ubuntu
scenescape-manager,libxcb1:amd64:1.15-1,Ubuntu
scenescape-manager,libxdmcp6:amd64:1:1.1.2-3,Ubuntu
scenescape-manager,libxext6:amd64:2:1.3.4-1+b1,Ubuntu
scenescape-manager,libxfixes3:amd64:1:6.0.0-2,Ubuntu
scenescape-manager,libxml2:amd64:2.9.14+dfsg-1.3~deb12u5,Ubuntu
scenescape-manager,libxshmfence1:amd64:1.3-1,Ubuntu
scenescape-manager,libxxf86vm1:amd64:1:1.1.4-1+b2,Ubuntu
scenescape-manager,libz3-4:amd64:4.8.12-3.1,Ubuntu
scenescape-manager,lxml==6.0.2,pypi
scenescape-manager,manager @ file:///home/scenescape/SceneScape/manager,pypi
scenescape-manager,matplotlib-inline==0.2.1,pypi
scenescape-manager,matplotlib==3.10.8,pypi
scenescape-manager,media-types:10.0.0,Ubuntu
scenescape-manager,mosquitto-clients:2.0.11-1.2+deb12u2,Ubuntu
scenescape-manager,narwhals==2.18.0,pypi
scenescape-manager,nbformat==5.10.4,pypi
scenescape-manager,nest-asyncio==1.6.0,pypi
scenescape-manager,netcat-openbsd:1.219-1,Ubuntu
scenescape-manager,numpy==2.2.6,pypi
scenescape-manager,oauthlib==3.3.1,pypi
scenescape-manager,onvif_zeep==0.2.12,pypi
scenescape-manager,open3d-cpu==0.19.0,pypi
scenescape-manager,opencv-python-headless==4.12.0.88,pypi
scenescape-manager,packaging==26.0,pypi
scenescape-manager,paho-mqtt==2.1.0,pypi
scenescape-manager,pandas==3.0.1,pypi
scenescape-manager,parso==0.8.6,pypi
scenescape-manager,perl-modules-5.36:5.36.0-7+deb12u3,Ubuntu
scenescape-manager,perl:5.36.0-7+deb12u3,Ubuntu
scenescape-manager,pexpect==4.9.0,pypi
scenescape-manager,pillow==12.1.1,pypi
scenescape-manager,pip==26.0.1,pypi
scenescape-manager,platformdirs==4.9.4,pypi
scenescape-manager,plotly==6.6.0,pypi
scenescape-manager,plyfile==1.0.3,pypi
scenescape-manager,procps:2:4.0.2-3,Ubuntu
scenescape-manager,prompt_toolkit==3.0.52,pypi
scenescape-manager,psycopg2-binary==2.9.11,pypi
scenescape-manager,ptyprocess==0.7.0,pypi
scenescape-manager,pure_eval==0.2.3,pypi
scenescape-manager,pyasn1==0.6.2,pypi
scenescape-manager,pyasn1_modules==0.4.2,pypi
scenescape-manager,pycparser==3.0,pypi
scenescape-manager,pyparsing==3.3.2,pypi
scenescape-manager,pyquaternion==0.9.9,pypi
scenescape-manager,python-dateutil==2.9.0.post0,pypi
scenescape-manager,python3-minimal:3.11.2-1+b1,Ubuntu
scenescape-manager,python3.11-minimal:3.11.2-6+deb12u6,Ubuntu
scenescape-manager,python3.11:3.11.2-6+deb12u6,Ubuntu
scenescape-manager,python3:3.11.2-1+b1,Ubuntu
scenescape-manager,pytz==2026.1.post1,pypi
scenescape-manager,referencing==0.37.0,pypi
scenescape-manager,requests-file==3.0.1,pypi
scenescape-manager,requests-oauthlib==2.0.0,pypi
scenescape-manager,requests-toolbelt==1.0.0,pypi
scenescape-manager,requests==2.32.5,pypi
scenescape-manager,retrying==1.4.2,pypi
scenescape-manager,rpds-py==0.30.0,pypi
scenescape-manager,rsa==4.9.1,pypi
scenescape-manager,scikit-learn==1.8.0,pypi
scenescape-manager,scipy==1.16.3,pypi
scenescape-manager,setuptools==82.0.1,pypi
scenescape-manager,six==1.17.0,pypi
scenescape-manager,sqlparse==0.5.5,pypi
scenescape-manager,stack-data==0.6.3,pypi
scenescape-manager,sudo:1.9.13p3-1+deb12u3,Ubuntu
scenescape-manager,threadpoolctl==3.6.0,pypi
scenescape-manager,tqdm==4.67.3,pypi
scenescape-manager,traitlets==5.14.3,pypi
scenescape-manager,trimesh==4.11.2,pypi
scenescape-manager,typing_extensions==4.15.0,pypi
scenescape-manager,urllib3==2.6.3,pypi
scenescape-manager,wcwidth==0.6.0,pypi
scenescape-manager,websocket-client==1.9.0,pypi
scenescape-manager,websockets==15.0.1,pypi
scenescape-manager,wheel==0.46.3,pypi
scenescape-manager,widgetsnbextension==4.0.15,pypi
scenescape-manager,zeep==4.3.2,pypi
scenescape-manager,zipp==3.23.0,pypi
scenescape-mapping-mapanything,-e git+https://github.com/facebookresearch/map-anything.git@b84b28f4f4052c8dd5d8febe873125e00bf9ab3e#egg=mapanything,pypi
scenescape-mapping-mapanything,ConfigArgParse==1.7.5,pypi
scenescape-mapping-mapanything,Flask==3.0.3,pypi
scenescape-mapping-mapanything,Jinja2==3.1.6,pypi
scenescape-mapping-mapanything,Markdown==3.10.2,pypi
scenescape-mapping-mapanything,MarkupSafe==3.0.3,pypi
scenescape-mapping-mapanything,PyYAML==6.0.3,pypi
scenescape-mapping-mapanything,Pygments==2.19.2,pypi
scenescape-mapping-mapanything,Werkzeug==3.1.6,pypi
scenescape-mapping-mapanything,absl-py==2.4.0,pypi
scenescape-mapping-mapanything,addict==2.4.0,pypi
scenescape-mapping-mapanything,aiofiles==24.1.0,pypi
scenescape-mapping-mapanything,annotated-doc==0.0.4,pypi
scenescape-mapping-mapanything,annotated-types==0.7.0,pypi
scenescape-mapping-mapanything,antlr4-python3-runtime==4.9.3,pypi
scenescape-mapping-mapanything,anyio==4.12.1,pypi
scenescape-mapping-mapanything,argon2-cffi-bindings==25.1.0,pypi
scenescape-mapping-mapanything,argon2-cffi==25.1.0,pypi
scenescape-mapping-mapanything,asttokens==3.0.1,pypi
scenescape-mapping-mapanything,attrs==25.4.0,pypi
scenescape-mapping-mapanything,blinker==1.9.0,pypi
scenescape-mapping-mapanything,brotli==1.2.0,pypi
scenescape-mapping-mapanything,certifi==2026.2.25,pypi
scenescape-mapping-mapanything,cffi==2.0.0,pypi
scenescape-mapping-mapanything,charset-normalizer==3.4.5,pypi
scenescape-mapping-mapanything,click==8.3.1,pypi
scenescape-mapping-mapanything,comm==0.2.3,pypi
scenescape-mapping-mapanything,contourpy==1.3.3,pypi
scenescape-mapping-mapanything,curl:7.88.1-10+deb12u14,Ubuntu
scenescape-mapping-mapanything,cycler==0.12.1,pypi
scenescape-mapping-mapanything,dash==4.0.0,pypi
scenescape-mapping-mapanything,decorator==5.2.1,pypi
scenescape-mapping-mapanything,einops==0.8.2,pypi
scenescape-mapping-mapanything,executing==2.2.1,pypi
scenescape-mapping-mapanything,fastapi==0.135.1,pypi
scenescape-mapping-mapanything,fastjsonschema==2.21.2,pypi
scenescape-mapping-mapanything,ffmpeg:7:5.1.8-0+deb12u1,Ubuntu
scenescape-mapping-mapanything,ffmpy==1.0.0,pypi
scenescape-mapping-mapanything,filelock==3.25.1,pypi
scenescape-mapping-mapanything,flask-cors==6.0.0,pypi
scenescape-mapping-mapanything,fontconfig-config:2.14.1-4,Ubuntu
scenescape-mapping-mapanything,fontconfig:2.14.1-4,Ubuntu
scenescape-mapping-mapanything,fonts-dejavu-core:2.37-6,Ubuntu
scenescape-mapping-mapanything,fonttools==4.62.0,pypi
scenescape-mapping-mapanything,fsspec==2026.2.0,pypi
scenescape-mapping-mapanything,git-man:1:2.39.5-0+deb12u3,Ubuntu
scenescape-mapping-mapanything,git:1:2.39.5-0+deb12u3,Ubuntu
scenescape-mapping-mapanything,gradio==6.7.0,pypi
scenescape-mapping-mapanything,gradio_client==2.2.0,pypi
scenescape-mapping-mapanything,groovy==0.1.2,pypi
scenescape-mapping-mapanything,grpcio==1.78.0,pypi
scenescape-mapping-mapanything,gunicorn==22.0.0,pypi
scenescape-mapping-mapanything,h11==0.16.0,pypi
scenescape-mapping-mapanything,hf-xet==1.3.2,pypi
scenescape-mapping-mapanything,httpcore==1.0.9,pypi
scenescape-mapping-mapanything,httpx==0.28.1,pypi
scenescape-mapping-mapanything,huggingface_hub==1.3.1,pypi
scenescape-mapping-mapanything,hydra-core==1.3.2,pypi
scenescape-mapping-mapanything,idna==3.11,pypi
scenescape-mapping-mapanything,importlib_metadata==8.7.1,pypi
scenescape-mapping-mapanything,ipython==9.10.0,pypi
scenescape-mapping-mapanything,ipython_pygments_lexers==1.1.1,pypi
scenescape-mapping-mapanything,ipywidgets==8.1.8,pypi
scenescape-mapping-mapanything,itsdangerous==2.2.0,pypi
scenescape-mapping-mapanything,jaxtyping==0.3.9,pypi
scenescape-mapping-mapanything,jedi==0.19.2,pypi
scenescape-mapping-mapanything,joblib==1.5.3,pypi
scenescape-mapping-mapanything,jsonschema-specifications==2025.9.1,pypi
scenescape-mapping-mapanything,jsonschema==4.26.0,pypi
scenescape-mapping-mapanything,jupyter_core==5.9.1,pypi
scenescape-mapping-mapanything,jupyterlab_widgets==3.0.16,pypi
scenescape-mapping-mapanything,kiwisolver==1.5.0,pypi
scenescape-mapping-mapanything,libaom3:amd64:3.6.0-1+deb12u2,Ubuntu
scenescape-mapping-mapanything,libasound2-data:1.2.8-1,Ubuntu
scenescape-mapping-mapanything,libasound2:amd64:1.2.8-1+b1,Ubuntu
scenescape-mapping-mapanything,libass9:amd64:1:0.17.1-1,Ubuntu
scenescape-mapping-mapanything,libasyncns0:amd64:0.8-6+b3,Ubuntu
scenescape-mapping-mapanything,libavc1394-0:amd64:0.5.4-5,Ubuntu
scenescape-mapping-mapanything,libavcodec59:amd64:7:5.1.8-0+deb12u1,Ubuntu
scenescape-mapping-mapanything,libavdevice59:amd64:7:5.1.8-0+deb12u1,Ubuntu
scenescape-mapping-mapanything,libavfilter8:amd64:7:5.1.8-0+deb12u1,Ubuntu
scenescape-mapping-mapanything,libavformat59:amd64:7:5.1.8-0+deb12u1,Ubuntu
scenescape-mapping-mapanything,libavutil57:amd64:7:5.1.8-0+deb12u1,Ubuntu
scenescape-mapping-mapanything,libblas3:amd64:3.11.0-2,Ubuntu
scenescape-mapping-mapanything,libbluray2:amd64:1:1.3.4-1,Ubuntu
scenescape-mapping-mapanything,libbrotli1:amd64:1.0.9-2+b6,Ubuntu
scenescape-mapping-mapanything,libbs2b0:amd64:3.1.0+dfsg-7,Ubuntu
scenescape-mapping-mapanything,libbsd0:amd64:0.11.7-2,Ubuntu
scenescape-mapping-mapanything,libcaca0:amd64:0.99.beta20-3,Ubuntu
scenescape-mapping-mapanything,libcairo-gobject2:amd64:1.16.0-7,Ubuntu
scenescape-mapping-mapanything,libcairo2:amd64:1.16.0-7,Ubuntu
scenescape-mapping-mapanything,libcdio-cdda2:amd64:10.2+2.0.1-1,Ubuntu
scenescape-mapping-mapanything,libcdio-paranoia2:amd64:10.2+2.0.1-1,Ubuntu
scenescape-mapping-mapanything,libcdio19:amd64:2.1.0-4,Ubuntu
scenescape-mapping-mapanything,libchromaprint1:amd64:1.5.1-2+b1,Ubuntu
scenescape-mapping-mapanything,libcjson1:amd64:1.7.15-1+deb12u4,Ubuntu
scenescape-mapping-mapanything,libcodec2-1.0:amd64:1.0.5-1,Ubuntu
scenescape-mapping-mapanything,libcurl3-gnutls:amd64:7.88.1-10+deb12u14,Ubuntu
scenescape-mapping-mapanything,libcurl4:amd64:7.88.1-10+deb12u14,Ubuntu
scenescape-mapping-mapanything,libdatrie1:amd64:0.2.13-2+b1,Ubuntu
scenescape-mapping-mapanything,libdav1d6:amd64:1.0.0-2+deb12u1,Ubuntu
scenescape-mapping-mapanything,libdbus-1-3:amd64:1.14.10-1~deb12u1,Ubuntu
scenescape-mapping-mapanything,libdc1394-25:amd64:2.2.6-4,Ubuntu
scenescape-mapping-mapanything,libdecor-0-0:amd64:0.1.1-2,Ubuntu
scenescape-mapping-mapanything,libdeflate0:amd64:1.14-1,Ubuntu
scenescape-mapping-mapanything,libdrm-amdgpu1:amd64:2.4.114-1+b1,Ubuntu
scenescape-mapping-mapanything,libdrm-common:2.4.114-1,Ubuntu
scenescape-mapping-mapanything,libdrm-intel1:amd64:2.4.114-1+b1,Ubuntu
scenescape-mapping-mapanything,libdrm-nouveau2:amd64:2.4.114-1+b1,Ubuntu
scenescape-mapping-mapanything,libdrm-radeon1:amd64:2.4.114-1+b1,Ubuntu
scenescape-mapping-mapanything,libdrm2:amd64:2.4.114-1+b1,Ubuntu
scenescape-mapping-mapanything,libedit2:amd64:3.1-20221030-2,Ubuntu
scenescape-mapping-mapanything,libelf1:amd64:0.188-2.1,Ubuntu
scenescape-mapping-mapanything,libepoxy0:amd64:1.5.10-1,Ubuntu
scenescape-mapping-mapanything,liberror-perl:0.17029-2,Ubuntu
scenescape-mapping-mapanything,libexpat1:amd64:2.5.0-1+deb12u2,Ubuntu
scenescape-mapping-mapanything,libflac12:amd64:1.4.2+ds-2,Ubuntu
scenescape-mapping-mapanything,libflite1:amd64:2.2-5,Ubuntu
scenescape-mapping-mapanything,libfontconfig1:amd64:2.14.1-4,Ubuntu
scenescape-mapping-mapanything,libfreetype6:amd64:2.12.1+dfsg-5+deb12u4,Ubuntu
scenescape-mapping-mapanything,libfribidi0:amd64:1.0.8-2.1,Ubuntu
scenescape-mapping-mapanything,libgbm1:amd64:22.3.6-1+deb12u1,Ubuntu
scenescape-mapping-mapanything,libgdbm-compat4:amd64:1.23-3,Ubuntu
scenescape-mapping-mapanything,libgdk-pixbuf-2.0-0:amd64:2.42.10+dfsg-1+deb12u3,Ubuntu
scenescape-mapping-mapanything,libgdk-pixbuf2.0-common:2.42.10+dfsg-1+deb12u3,Ubuntu
scenescape-mapping-mapanything,libgfortran5:amd64:12.2.0-14+deb12u1,Ubuntu
scenescape-mapping-mapanything,libgl1-mesa-dri:amd64:22.3.6-1+deb12u1,Ubuntu
scenescape-mapping-mapanything,libgl1:amd64:1.6.0-1,Ubuntu
scenescape-mapping-mapanything,libglapi-mesa:amd64:22.3.6-1+deb12u1,Ubuntu
scenescape-mapping-mapanything,libglib2.0-0:amd64:2.74.6-2+deb12u8,Ubuntu
scenescape-mapping-mapanything,libglvnd0:amd64:1.6.0-1,Ubuntu
scenescape-mapping-mapanything,libglx-mesa0:amd64:22.3.6-1+deb12u1,Ubuntu
scenescape-mapping-mapanything,libglx0:amd64:1.6.0-1,Ubuntu
scenescape-mapping-mapanything,libgme0:amd64:0.6.3-6,Ubuntu
scenescape-mapping-mapanything,libgomp1:amd64:12.2.0-14+deb12u1,Ubuntu
scenescape-mapping-mapanything,libgraphite2-3:amd64:1.3.14-1,Ubuntu
scenescape-mapping-mapanything,libgsm1:amd64:1.0.22-1,Ubuntu
scenescape-mapping-mapanything,libharfbuzz0b:amd64:6.0.0+dfsg-3,Ubuntu
scenescape-mapping-mapanything,libhwy1:amd64:1.0.3-3+deb12u1,Ubuntu
scenescape-mapping-mapanything,libice6:amd64:2:1.0.10-1,Ubuntu
scenescape-mapping-mapanything,libicu72:amd64:72.1-3+deb12u1,Ubuntu
scenescape-mapping-mapanything,libiec61883-0:amd64:1.2.0-6+b1,Ubuntu
scenescape-mapping-mapanything,libjack-jackd2-0:amd64:1.9.21~dfsg-3,Ubuntu
scenescape-mapping-mapanything,libjbig0:amd64:2.1-6.1,Ubuntu
scenescape-mapping-mapanything,libjpeg62-turbo:amd64:1:2.1.5-2,Ubuntu
scenescape-mapping-mapanything,libjxl0.7:amd64:0.7.0-10+deb12u1,Ubuntu
scenescape-mapping-mapanything,liblapack3:amd64:3.11.0-2,Ubuntu
scenescape-mapping-mapanything,liblcms2-2:amd64:2.14-2,Ubuntu
scenescape-mapping-mapanything,libldap-2.5-0:amd64:2.5.13+dfsg-5,Ubuntu
scenescape-mapping-mapanything,liblerc4:amd64:4.0.0+ds-2,Ubuntu
scenescape-mapping-mapanything,liblilv-0-0:amd64:0.24.14-1,Ubuntu
scenescape-mapping-mapanything,libllvm15:amd64:1:15.0.6-4+b1,Ubuntu
scenescape-mapping-mapanything,libmbedcrypto7:amd64:2.28.3-1,Ubuntu
scenescape-mapping-mapanything,libmfx1:amd64:22.5.4-1,Ubuntu
scenescape-mapping-mapanything,libmp3lame0:amd64:3.100-6,Ubuntu
scenescape-mapping-mapanything,libmpg123-0:amd64:1.31.2-1+deb12u1,Ubuntu
scenescape-mapping-mapanything,libmysofa1:amd64:1.3.1~dfsg0-1,Ubuntu
scenescape-mapping-mapanything,libnghttp2-14:amd64:1.52.0-1+deb12u2,Ubuntu
scenescape-mapping-mapanything,libnorm1:amd64:1.5.9+dfsg-2,Ubuntu
scenescape-mapping-mapanything,libnuma1:amd64:2.0.16-1,Ubuntu
scenescape-mapping-mapanything,libogg0:amd64:1.3.5-3,Ubuntu
scenescape-mapping-mapanything,libopenal-data:1:1.19.1-2,Ubuntu
scenescape-mapping-mapanything,libopenal1:amd64:1:1.19.1-2,Ubuntu
scenescape-mapping-mapanything,libopenjp2-7:amd64:2.5.0-2+deb12u2,Ubuntu
scenescape-mapping-mapanything,libopenmpt0:amd64:0.6.9-1,Ubuntu
scenescape-mapping-mapanything,libopus0:amd64:1.3.1-3,Ubuntu
scenescape-mapping-mapanything,libpango-1.0-0:amd64:1.50.12+ds-1,Ubuntu
scenescape-mapping-mapanything,libpangocairo-1.0-0:amd64:1.50.12+ds-1,Ubuntu
scenescape-mapping-mapanything,libpangoft2-1.0-0:amd64:1.50.12+ds-1,Ubuntu
scenescape-mapping-mapanything,libpciaccess0:amd64:0.17-2,Ubuntu
scenescape-mapping-mapanything,libperl5.36:amd64:5.36.0-7+deb12u3,Ubuntu
scenescape-mapping-mapanything,libpgm-5.3-0:amd64:5.3.128~dfsg-2,Ubuntu
scenescape-mapping-mapanything,libpixman-1-0:amd64:0.42.2-1,Ubuntu
scenescape-mapping-mapanything,libplacebo208:amd64:4.208.0-3,Ubuntu
scenescape-mapping-mapanything,libpng16-16:amd64:1.6.39-2+deb12u3,Ubuntu
scenescape-mapping-mapanything,libpocketsphinx3:amd64:0.8+5prealpha+1-15,Ubuntu
scenescape-mapping-mapanything,libpostproc56:amd64:7:5.1.8-0+deb12u1,Ubuntu
scenescape-mapping-mapanything,libpsl5:amd64:0.21.2-1,Ubuntu
scenescape-mapping-mapanything,libpthread-stubs0-dev:amd64:0.4-1,Ubuntu
scenescape-mapping-mapanything,libpulse0:amd64:16.1+dfsg1-2+b1,Ubuntu
scenescape-mapping-mapanything,libquadmath0:amd64:12.2.0-14+deb12u1,Ubuntu
scenescape-mapping-mapanything,librabbitmq4:amd64:0.11.0-1+deb12u1,Ubuntu
scenescape-mapping-mapanything,librav1e0:amd64:0.5.1-6,Ubuntu
scenescape-mapping-mapanything,libraw1394-11:amd64:2.1.2-2,Ubuntu
scenescape-mapping-mapanything,librist4:amd64:0.2.7+dfsg-1,Ubuntu
scenescape-mapping-mapanything,librsvg2-2:amd64:2.54.7+dfsg-1~deb12u1,Ubuntu
scenescape-mapping-mapanything,librtmp1:amd64:2.4+20151223.gitfa8646d.1-2+b2,Ubuntu
scenescape-mapping-mapanything,librubberband2:amd64:3.1.2+dfsg0-1,Ubuntu
scenescape-mapping-mapanything,libsamplerate0:amd64:0.2.2-3,Ubuntu
scenescape-mapping-mapanything,libsasl2-2:amd64:2.1.28+dfsg-10,Ubuntu
scenescape-mapping-mapanything,libsasl2-modules-db:amd64:2.1.28+dfsg-10,Ubuntu
scenescape-mapping-mapanything,libsdl2-2.0-0:amd64:2.26.5+dfsg-1,Ubuntu
scenescape-mapping-mapanything,libsensors-config:1:3.6.0-7.1,Ubuntu
scenescape-mapping-mapanything,libsensors5:amd64:1:3.6.0-7.1,Ubuntu
scenescape-mapping-mapanything,libserd-0-0:amd64:0.30.16-1,Ubuntu
scenescape-mapping-mapanything,libshine3:amd64:3.1.1-2,Ubuntu
scenescape-mapping-mapanything,libslang2:amd64:2.3.3-3,Ubuntu
scenescape-mapping-mapanything,libsm6:amd64:2:1.2.3-1,Ubuntu
scenescape-mapping-mapanything,libsnappy1v5:amd64:1.1.9-3,Ubuntu
scenescape-mapping-mapanything,libsndfile1:amd64:1.2.0-1+deb12u1,Ubuntu
scenescape-mapping-mapanything,libsndio7.0:amd64:1.9.0-0.3+b2,Ubuntu
scenescape-mapping-mapanything,libsodium23:amd64:1.0.18-1+deb12u1,Ubuntu
scenescape-mapping-mapanything,libsord-0-0:amd64:0.16.14+git221008-1,Ubuntu
scenescape-mapping-mapanything,libsoxr0:amd64:0.1.3-4,Ubuntu
scenescape-mapping-mapanything,libspeex1:amd64:1.2.1-2,Ubuntu
scenescape-mapping-mapanything,libsphinxbase3:amd64:0.8+5prealpha+1-16,Ubuntu
scenescape-mapping-mapanything,libsratom-0-0:amd64:0.6.14-1,Ubuntu
scenescape-mapping-mapanything,libsrt1.5-gnutls:amd64:1.5.1-1+deb12u1,Ubuntu
scenescape-mapping-mapanything,libssh-gcrypt-4:amd64:0.10.6-0+deb12u2,Ubuntu
scenescape-mapping-mapanything,libssh2-1:amd64:1.10.0-3+b1,Ubuntu
scenescape-mapping-mapanything,libsvtav1enc1:amd64:1.4.1+dfsg-1,Ubuntu
scenescape-mapping-mapanything,libswresample4:amd64:7:5.1.8-0+deb12u1,Ubuntu
scenescape-mapping-mapanything,libswscale6:amd64:7:5.1.8-0+deb12u1,Ubuntu
scenescape-mapping-mapanything,libthai-data:0.1.29-1,Ubuntu
scenescape-mapping-mapanything,libthai0:amd64:0.1.29-1,Ubuntu
scenescape-mapping-mapanything,libtheora0:amd64:1.1.1+dfsg.1-16.1+deb12u1,Ubuntu
scenescape-mapping-mapanything,libtiff6:amd64:4.5.0-6+deb12u3,Ubuntu
scenescape-mapping-mapanything,libtwolame0:amd64:0.4.0-2,Ubuntu
scenescape-mapping-mapanything,libudfread0:amd64:1.1.2-1,Ubuntu
scenescape-mapping-mapanything,libusb-1.0-0:amd64:2:1.0.26-1,Ubuntu
scenescape-mapping-mapanything,libva-drm2:amd64:2.17.0-1,Ubuntu
scenescape-mapping-mapanything,libva-x11-2:amd64:2.17.0-1,Ubuntu
scenescape-mapping-mapanything,libva2:amd64:2.17.0-1,Ubuntu
scenescape-mapping-mapanything,libvdpau1:amd64:1.5-2,Ubuntu
scenescape-mapping-mapanything,libvidstab1.1:amd64:1.1.0-2+b1,Ubuntu
scenescape-mapping-mapanything,libvorbis0a:amd64:1.3.7-1,Ubuntu
scenescape-mapping-mapanything,libvorbisenc2:amd64:1.3.7-1,Ubuntu
scenescape-mapping-mapanything,libvorbisfile3:amd64:1.3.7-1,Ubuntu
scenescape-mapping-mapanything,libvpx7:amd64:1.12.0-1+deb12u5,Ubuntu
scenescape-mapping-mapanything,libvulkan1:amd64:1.3.239.0-1,Ubuntu
scenescape-mapping-mapanything,libwayland-client0:amd64:1.21.0-1,Ubuntu
scenescape-mapping-mapanything,libwayland-cursor0:amd64:1.21.0-1,Ubuntu
scenescape-mapping-mapanything,libwayland-egl1:amd64:1.21.0-1,Ubuntu
scenescape-mapping-mapanything,libwayland-server0:amd64:1.21.0-1,Ubuntu
scenescape-mapping-mapanything,libwebp7:amd64:1.2.4-0.2+deb12u1,Ubuntu
scenescape-mapping-mapanything,libwebpmux3:amd64:1.2.4-0.2+deb12u1,Ubuntu
scenescape-mapping-mapanything,libx11-6:amd64:2:1.8.4-2+deb12u2,Ubuntu
scenescape-mapping-mapanything,libx11-data:2:1.8.4-2+deb12u2,Ubuntu
scenescape-mapping-mapanything,libx11-dev:amd64:2:1.8.4-2+deb12u2,Ubuntu
scenescape-mapping-mapanything,libx11-xcb1:amd64:2:1.8.4-2+deb12u2,Ubuntu
scenescape-mapping-mapanything,libx264-164:amd64:2:0.164.3095+gitbaee400-3,Ubuntu
scenescape-mapping-mapanything,libx265-199:amd64:3.5-2+b1,Ubuntu
scenescape-mapping-mapanything,libxau-dev:amd64:1:1.0.9-1,Ubuntu
scenescape-mapping-mapanything,libxau6:amd64:1:1.0.9-1,Ubuntu
scenescape-mapping-mapanything,libxcb-dri2-0:amd64:1.15-1,Ubuntu
scenescape-mapping-mapanything,libxcb-dri3-0:amd64:1.15-1,Ubuntu
scenescape-mapping-mapanything,libxcb-glx0:amd64:1.15-1,Ubuntu
scenescape-mapping-mapanything,libxcb-present0:amd64:1.15-1,Ubuntu
scenescape-mapping-mapanything,libxcb-randr0:amd64:1.15-1,Ubuntu
scenescape-mapping-mapanything,libxcb-render0:amd64:1.15-1,Ubuntu
scenescape-mapping-mapanything,libxcb-shape0:amd64:1.15-1,Ubuntu
scenescape-mapping-mapanything,libxcb-shm0:amd64:1.15-1,Ubuntu
scenescape-mapping-mapanything,libxcb-sync1:amd64:1.15-1,Ubuntu
scenescape-mapping-mapanything,libxcb-xfixes0:amd64:1.15-1,Ubuntu
scenescape-mapping-mapanything,libxcb1-dev:amd64:1.15-1,Ubuntu
scenescape-mapping-mapanything,libxcb1:amd64:1.15-1,Ubuntu
scenescape-mapping-mapanything,libxcursor1:amd64:1:1.2.1-1,Ubuntu
scenescape-mapping-mapanything,libxdmcp-dev:amd64:1:1.1.2-3,Ubuntu
scenescape-mapping-mapanything,libxdmcp6:amd64:1:1.1.2-3,Ubuntu
scenescape-mapping-mapanything,libxext6:amd64:2:1.3.4-1+b1,Ubuntu
scenescape-mapping-mapanything,libxfixes3:amd64:1:6.0.0-2,Ubuntu
scenescape-mapping-mapanything,libxi6:amd64:2:1.8-1+b1,Ubuntu
scenescape-mapping-mapanything,libxkbcommon0:amd64:1.5.0-1,Ubuntu
scenescape-mapping-mapanything,libxml2:amd64:2.9.14+dfsg-1.3~deb12u5,Ubuntu
scenescape-mapping-mapanything,libxrandr2:amd64:2:1.5.2-2+b1,Ubuntu
scenescape-mapping-mapanything,libxrender-dev:amd64:1:0.9.10-1.1,Ubuntu
scenescape-mapping-mapanything,libxrender1:amd64:1:0.9.10-1.1,Ubuntu
scenescape-mapping-mapanything,libxshmfence1:amd64:1.3-1,Ubuntu
scenescape-mapping-mapanything,libxss1:amd64:1:1.2.3-1,Ubuntu
scenescape-mapping-mapanything,libxv1:amd64:2:1.0.11-1.1,Ubuntu
scenescape-mapping-mapanything,libxvidcore4:amd64:2:1.3.7-1,Ubuntu
scenescape-mapping-mapanything,libxxf86vm1:amd64:1:1.1.4-1+b2,Ubuntu
scenescape-mapping-mapanything,libz3-4:amd64:4.8.12-3.1,Ubuntu
scenescape-mapping-mapanything,libzimg2:amd64:3.0.4+ds1-1,Ubuntu
scenescape-mapping-mapanything,libzmq5:amd64:4.3.4-6,Ubuntu
scenescape-mapping-mapanything,libzvbi-common:0.2.41-1,Ubuntu
scenescape-mapping-mapanything,libzvbi0:amd64:0.2.41-1,Ubuntu
scenescape-mapping-mapanything,lightning-utilities==0.15.3,pypi
scenescape-mapping-mapanything,markdown-it-py==4.0.0,pypi
scenescape-mapping-mapanything,matplotlib-inline==0.2.1,pypi
scenescape-mapping-mapanything,matplotlib==3.10.8,pypi
scenescape-mapping-mapanything,mdurl==0.1.2,pypi
scenescape-mapping-mapanything,minio==7.2.20,pypi
scenescape-mapping-mapanything,mpmath==1.3.0,pypi
scenescape-mapping-mapanything,narwhals==2.18.0,pypi
scenescape-mapping-mapanything,natsort==8.4.0,pypi
scenescape-mapping-mapanything,nbformat==5.10.4,pypi
scenescape-mapping-mapanything,nest-asyncio==1.6.0,pypi
scenescape-mapping-mapanything,networkx==3.6.1,pypi
scenescape-mapping-mapanything,numpy==2.4.3,pypi
scenescape-mapping-mapanything,ocl-icd-libopencl1:amd64:2.3.1-1,Ubuntu
scenescape-mapping-mapanything,omegaconf==2.3.0,pypi
scenescape-mapping-mapanything,open3d-cpu==0.19.0,pypi
scenescape-mapping-mapanything,opencv-python-headless==4.10.0.84,pypi
scenescape-mapping-mapanything,orjson==3.11.5,pypi
scenescape-mapping-mapanything,packaging==26.0,pypi
scenescape-mapping-mapanything,pandas==3.0.1,pypi
scenescape-mapping-mapanything,parso==0.8.6,pypi
scenescape-mapping-mapanything,perl-modules-5.36:5.36.0-7+deb12u3,Ubuntu
scenescape-mapping-mapanything,perl:5.36.0-7+deb12u3,Ubuntu
scenescape-mapping-mapanything,pexpect==4.9.0,pypi
scenescape-mapping-mapanything,pillow==12.1.1,pypi
scenescape-mapping-mapanything,pillow_heif==1.1.1,pypi
scenescape-mapping-mapanything,pip==26.0.1,pypi
scenescape-mapping-mapanything,platformdirs==4.9.4,pypi
scenescape-mapping-mapanything,plotly==6.6.0,pypi
scenescape-mapping-mapanything,plyfile==1.1.3,pypi
scenescape-mapping-mapanything,prompt_toolkit==3.0.52,pypi
scenescape-mapping-mapanything,protobuf==7.34.0,pypi
scenescape-mapping-mapanything,ptyprocess==0.7.0,pypi
scenescape-mapping-mapanything,pure_eval==0.2.3,pypi
scenescape-mapping-mapanything,pyarrow==23.0.1,pypi
scenescape-mapping-mapanything,pycparser==3.0,pypi
scenescape-mapping-mapanything,pycryptodome==3.23.0,pypi
scenescape-mapping-mapanything,pydantic==2.12.5,pypi
scenescape-mapping-mapanything,pydantic_core==2.41.5,pypi
scenescape-mapping-mapanything,pydub==0.25.1,pypi
scenescape-mapping-mapanything,pyparsing==3.3.2,pypi
scenescape-mapping-mapanything,pyquaternion==0.9.9,pypi
scenescape-mapping-mapanything,python-box==7.3.2,pypi
scenescape-mapping-mapanything,python-dateutil==2.9.0.post0,pypi
scenescape-mapping-mapanything,python-multipart==0.0.22,pypi
scenescape-mapping-mapanything,pytz==2026.1.post1,pypi
scenescape-mapping-mapanything,referencing==0.37.0,pypi
scenescape-mapping-mapanything,requests==2.32.5,pypi
scenescape-mapping-mapanything,rerun-sdk==0.24.1,pypi
scenescape-mapping-mapanything,retrying==1.4.2,pypi
scenescape-mapping-mapanything,rich==14.3.3,pypi
scenescape-mapping-mapanything,rpds-py==0.30.0,pypi
scenescape-mapping-mapanything,safehttpx==0.1.7,pypi
scenescape-mapping-mapanything,safetensors==0.7.0,pypi
scenescape-mapping-mapanything,scikit-learn==1.8.0,pypi
scenescape-mapping-mapanything,scipy==1.17.1,pypi
scenescape-mapping-mapanything,semantic-version==2.10.0,pypi
scenescape-mapping-mapanything,setuptools==82.0.1,pypi
scenescape-mapping-mapanything,shared-mime-info:2.2-1,Ubuntu
scenescape-mapping-mapanything,shellingham==1.5.4,pypi
scenescape-mapping-mapanything,six==1.17.0,pypi
scenescape-mapping-mapanything,stack-data==0.6.3,pypi
scenescape-mapping-mapanything,starlette==0.52.1,pypi
scenescape-mapping-mapanything,sympy==1.14.0,pypi
scenescape-mapping-mapanything,tensorboard-data-server==0.7.2,pypi
scenescape-mapping-mapanything,tensorboard==2.20.0,pypi
scenescape-mapping-mapanything,termcolor==3.3.0,pypi
scenescape-mapping-mapanything,threadpoolctl==3.6.0,pypi
scenescape-mapping-mapanything,timm==1.0.25,pypi
scenescape-mapping-mapanything,tomlkit==0.13.3,pypi
scenescape-mapping-mapanything,torch==2.9.1+cpu,pypi
scenescape-mapping-mapanything,torchaudio==2.9.1+cpu,pypi
scenescape-mapping-mapanything,torchmetrics==1.9.0,pypi
scenescape-mapping-mapanything,torchvision==0.24.1+cpu,pypi
scenescape-mapping-mapanything,tqdm==4.67.1,pypi
scenescape-mapping-mapanything,traitlets==5.14.3,pypi
scenescape-mapping-mapanything,trimesh==4.11.0,pypi
scenescape-mapping-mapanything,typer-slim==0.24.0,pypi
scenescape-mapping-mapanything,typer==0.24.1,pypi
scenescape-mapping-mapanything,typing-inspection==0.4.2,pypi
scenescape-mapping-mapanything,typing_extensions==4.15.0,pypi
scenescape-mapping-mapanything,uniception==0.1.6,pypi
scenescape-mapping-mapanything,urllib3==2.6.3,pypi
scenescape-mapping-mapanything,uvicorn==0.41.0,pypi
scenescape-mapping-mapanything,wadler_lindig==0.1.7,pypi
scenescape-mapping-mapanything,wcwidth==0.6.0,pypi
scenescape-mapping-mapanything,wheel==0.46.3,pypi
scenescape-mapping-mapanything,widgetsnbextension==4.0.15,pypi
scenescape-mapping-mapanything,x11-common:1:7.7+23,Ubuntu
scenescape-mapping-mapanything,x11proto-dev:2022.1-1,Ubuntu
scenescape-mapping-mapanything,xkb-data:2.35.1-1,Ubuntu
scenescape-mapping-mapanything,xorg-sgml-doctools:1:1.11-1.1,Ubuntu
scenescape-mapping-mapanything,xtrans-dev:1.4.0-1,Ubuntu
scenescape-mapping-mapanything,zipp==3.23.0,pypi
scenescape-mapping-vggt,-e git+https://github.com/facebookresearch/vggt.git@44b3afbd1869d8bde4894dd8ea1e293112dd5eba#egg=vggt,pypi
scenescape-mapping-vggt,ConfigArgParse==1.7.5,pypi
scenescape-mapping-vggt,Flask==3.0.3,pypi
scenescape-mapping-vggt,ImageIO==2.37.3,pypi
scenescape-mapping-vggt,Jinja2==3.1.6,pypi
scenescape-mapping-vggt,MarkupSafe==2.1.5,pypi
scenescape-mapping-vggt,PyYAML==6.0.3,pypi
scenescape-mapping-vggt,Pygments==2.19.2,pypi
scenescape-mapping-vggt,Werkzeug==3.1.6,pypi
scenescape-mapping-vggt,addict==2.4.0,pypi
scenescape-mapping-vggt,aiofiles==23.2.1,pypi
scenescape-mapping-vggt,annotated-doc==0.0.4,pypi
scenescape-mapping-vggt,annotated-types==0.7.0,pypi
scenescape-mapping-vggt,antlr4-python3-runtime==4.9.3,pypi
scenescape-mapping-vggt,anyio==4.12.1,pypi
scenescape-mapping-vggt,asttokens==3.0.1,pypi
scenescape-mapping-vggt,attrs==25.4.0,pypi
scenescape-mapping-vggt,blinker==1.9.0,pypi
scenescape-mapping-vggt,brotli==1.2.0,pypi
scenescape-mapping-vggt,certifi==2026.2.25,pypi
scenescape-mapping-vggt,charset-normalizer==3.4.5,pypi
scenescape-mapping-vggt,click==8.3.1,pypi
scenescape-mapping-vggt,colorlog==6.10.1,pypi
scenescape-mapping-vggt,comm==0.2.3,pypi
scenescape-mapping-vggt,contourpy==1.3.3,pypi
scenescape-mapping-vggt,curl:7.88.1-10+deb12u14,Ubuntu
scenescape-mapping-vggt,cycler==0.12.1,pypi
scenescape-mapping-vggt,dash==4.0.0,pypi
scenescape-mapping-vggt,decorator==5.2.1,pypi
scenescape-mapping-vggt,docstring_parser==0.17.0,pypi
scenescape-mapping-vggt,einops==0.8.2,pypi
scenescape-mapping-vggt,embreex==2.17.7.post7,pypi
scenescape-mapping-vggt,executing==2.2.1,pypi
scenescape-mapping-vggt,fastapi==0.135.1,pypi
scenescape-mapping-vggt,fastjsonschema==2.21.2,pypi
scenescape-mapping-vggt,ffmpeg:7:5.1.8-0+deb12u1,Ubuntu
scenescape-mapping-vggt,ffmpy==1.0.0,pypi
scenescape-mapping-vggt,filelock==3.25.1,pypi
scenescape-mapping-vggt,flask-cors==6.0.0,pypi
scenescape-mapping-vggt,flatbuffers==25.12.19,pypi
scenescape-mapping-vggt,fontconfig-config:2.14.1-4,Ubuntu
scenescape-mapping-vggt,fontconfig:2.14.1-4,Ubuntu
scenescape-mapping-vggt,fonts-dejavu-core:2.37-6,Ubuntu
scenescape-mapping-vggt,fonttools==4.62.0,pypi
scenescape-mapping-vggt,fsspec==2026.2.0,pypi
scenescape-mapping-vggt,git-man:1:2.39.5-0+deb12u3,Ubuntu
scenescape-mapping-vggt,git:1:2.39.5-0+deb12u3,Ubuntu
scenescape-mapping-vggt,gradio==5.17.1,pypi
scenescape-mapping-vggt,gradio_client==1.7.1,pypi
scenescape-mapping-vggt,groovy==0.1.2,pypi
scenescape-mapping-vggt,gunicorn==22.0.0,pypi
scenescape-mapping-vggt,h11==0.16.0,pypi
scenescape-mapping-vggt,hf-xet==1.3.2,pypi
scenescape-mapping-vggt,httpcore==1.0.9,pypi
scenescape-mapping-vggt,httpx==0.28.1,pypi
scenescape-mapping-vggt,huggingface_hub==1.6.0,pypi
scenescape-mapping-vggt,hydra-core==1.3.2,pypi
scenescape-mapping-vggt,idna==3.11,pypi
scenescape-mapping-vggt,importlib_metadata==8.7.1,pypi
scenescape-mapping-vggt,ipython==9.10.0,pypi
scenescape-mapping-vggt,ipython_pygments_lexers==1.1.1,pypi
scenescape-mapping-vggt,ipywidgets==8.1.8,pypi
scenescape-mapping-vggt,itsdangerous==2.2.0,pypi
scenescape-mapping-vggt,jedi==0.19.2,pypi
scenescape-mapping-vggt,joblib==1.5.3,pypi
scenescape-mapping-vggt,jsonschema-specifications==2025.9.1,pypi
scenescape-mapping-vggt,jsonschema==4.26.0,pypi
scenescape-mapping-vggt,jupyter_core==5.9.1,pypi
scenescape-mapping-vggt,jupyterlab_widgets==3.0.16,pypi
scenescape-mapping-vggt,kiwisolver==1.5.0,pypi
scenescape-mapping-vggt,kornia==0.8.2,pypi
scenescape-mapping-vggt,kornia_rs==0.1.10,pypi
scenescape-mapping-vggt,lazy-loader==0.5,pypi
scenescape-mapping-vggt,libaom3:amd64:3.6.0-1+deb12u2,Ubuntu
scenescape-mapping-vggt,libasound2-data:1.2.8-1,Ubuntu
scenescape-mapping-vggt,libasound2:amd64:1.2.8-1+b1,Ubuntu
scenescape-mapping-vggt,libass9:amd64:1:0.17.1-1,Ubuntu
scenescape-mapping-vggt,libasyncns0:amd64:0.8-6+b3,Ubuntu
scenescape-mapping-vggt,libavc1394-0:amd64:0.5.4-5,Ubuntu
scenescape-mapping-vggt,libavcodec59:amd64:7:5.1.8-0+deb12u1,Ubuntu
scenescape-mapping-vggt,libavdevice59:amd64:7:5.1.8-0+deb12u1,Ubuntu
scenescape-mapping-vggt,libavfilter8:amd64:7:5.1.8-0+deb12u1,Ubuntu
scenescape-mapping-vggt,libavformat59:amd64:7:5.1.8-0+deb12u1,Ubuntu
scenescape-mapping-vggt,libavutil57:amd64:7:5.1.8-0+deb12u1,Ubuntu
scenescape-mapping-vggt,libblas3:amd64:3.11.0-2,Ubuntu
scenescape-mapping-vggt,libbluray2:amd64:1:1.3.4-1,Ubuntu
scenescape-mapping-vggt,libbrotli1:amd64:1.0.9-2+b6,Ubuntu
scenescape-mapping-vggt,libbs2b0:amd64:3.1.0+dfsg-7,Ubuntu
scenescape-mapping-vggt,libbsd0:amd64:0.11.7-2,Ubuntu
scenescape-mapping-vggt,libcaca0:amd64:0.99.beta20-3,Ubuntu
scenescape-mapping-vggt,libcairo-gobject2:amd64:1.16.0-7,Ubuntu
scenescape-mapping-vggt,libcairo2:amd64:1.16.0-7,Ubuntu
scenescape-mapping-vggt,libcdio-cdda2:amd64:10.2+2.0.1-1,Ubuntu
scenescape-mapping-vggt,libcdio-paranoia2:amd64:10.2+2.0.1-1,Ubuntu
scenescape-mapping-vggt,libcdio19:amd64:2.1.0-4,Ubuntu
scenescape-mapping-vggt,libchromaprint1:amd64:1.5.1-2+b1,Ubuntu
scenescape-mapping-vggt,libcjson1:amd64:1.7.15-1+deb12u4,Ubuntu
scenescape-mapping-vggt,libcodec2-1.0:amd64:1.0.5-1,Ubuntu
scenescape-mapping-vggt,libcurl3-gnutls:amd64:7.88.1-10+deb12u14,Ubuntu
scenescape-mapping-vggt,libcurl4:amd64:7.88.1-10+deb12u14,Ubuntu
scenescape-mapping-vggt,libdatrie1:amd64:0.2.13-2+b1,Ubuntu
scenescape-mapping-vggt,libdav1d6:amd64:1.0.0-2+deb12u1,Ubuntu
scenescape-mapping-vggt,libdbus-1-3:amd64:1.14.10-1~deb12u1,Ubuntu
scenescape-mapping-vggt,libdc1394-25:amd64:2.2.6-4,Ubuntu
scenescape-mapping-vggt,libdecor-0-0:amd64:0.1.1-2,Ubuntu
scenescape-mapping-vggt,libdeflate0:amd64:1.14-1,Ubuntu
scenescape-mapping-vggt,libdrm-amdgpu1:amd64:2.4.114-1+b1,Ubuntu
scenescape-mapping-vggt,libdrm-common:2.4.114-1,Ubuntu
scenescape-mapping-vggt,libdrm-intel1:amd64:2.4.114-1+b1,Ubuntu
scenescape-mapping-vggt,libdrm-nouveau2:amd64:2.4.114-1+b1,Ubuntu
scenescape-mapping-vggt,libdrm-radeon1:amd64:2.4.114-1+b1,Ubuntu
scenescape-mapping-vggt,libdrm2:amd64:2.4.114-1+b1,Ubuntu
scenescape-mapping-vggt,libedit2:amd64:3.1-20221030-2,Ubuntu
scenescape-mapping-vggt,libelf1:amd64:0.188-2.1,Ubuntu
scenescape-mapping-vggt,libepoxy0:amd64:1.5.10-1,Ubuntu
scenescape-mapping-vggt,liberror-perl:0.17029-2,Ubuntu
scenescape-mapping-vggt,libexpat1:amd64:2.5.0-1+deb12u2,Ubuntu
scenescape-mapping-vggt,libflac12:amd64:1.4.2+ds-2,Ubuntu
scenescape-mapping-vggt,libflite1:amd64:2.2-5,Ubuntu
scenescape-mapping-vggt,libfontconfig1:amd64:2.14.1-4,Ubuntu
scenescape-mapping-vggt,libfreetype6:amd64:2.12.1+dfsg-5+deb12u4,Ubuntu
scenescape-mapping-vggt,libfribidi0:amd64:1.0.8-2.1,Ubuntu
scenescape-mapping-vggt,libgbm1:amd64:22.3.6-1+deb12u1,Ubuntu
scenescape-mapping-vggt,libgdbm-compat4:amd64:1.23-3,Ubuntu
scenescape-mapping-vggt,libgdk-pixbuf-2.0-0:amd64:2.42.10+dfsg-1+deb12u3,Ubuntu
scenescape-mapping-vggt,libgdk-pixbuf2.0-common:2.42.10+dfsg-1+deb12u3,Ubuntu
scenescape-mapping-vggt,libgfortran5:amd64:12.2.0-14+deb12u1,Ubuntu
scenescape-mapping-vggt,libgl1-mesa-dri:amd64:22.3.6-1+deb12u1,Ubuntu
scenescape-mapping-vggt,libgl1:amd64:1.6.0-1,Ubuntu
scenescape-mapping-vggt,libglapi-mesa:amd64:22.3.6-1+deb12u1,Ubuntu
scenescape-mapping-vggt,libglib2.0-0:amd64:2.74.6-2+deb12u8,Ubuntu
scenescape-mapping-vggt,libglvnd0:amd64:1.6.0-1,Ubuntu
scenescape-mapping-vggt,libglx-mesa0:amd64:22.3.6-1+deb12u1,Ubuntu
scenescape-mapping-vggt,libglx0:amd64:1.6.0-1,Ubuntu
scenescape-mapping-vggt,libgme0:amd64:0.6.3-6,Ubuntu
scenescape-mapping-vggt,libgomp1:amd64:12.2.0-14+deb12u1,Ubuntu
scenescape-mapping-vggt,libgraphite2-3:amd64:1.3.14-1,Ubuntu
scenescape-mapping-vggt,libgsm1:amd64:1.0.22-1,Ubuntu
scenescape-mapping-vggt,libharfbuzz0b:amd64:6.0.0+dfsg-3,Ubuntu
scenescape-mapping-vggt,libhwy1:amd64:1.0.3-3+deb12u1,Ubuntu
scenescape-mapping-vggt,libice6:amd64:2:1.0.10-1,Ubuntu
scenescape-mapping-vggt,libicu72:amd64:72.1-3+deb12u1,Ubuntu
scenescape-mapping-vggt,libiec61883-0:amd64:1.2.0-6+b1,Ubuntu
scenescape-mapping-vggt,libjack-jackd2-0:amd64:1.9.21~dfsg-3,Ubuntu
scenescape-mapping-vggt,libjbig0:amd64:2.1-6.1,Ubuntu
scenescape-mapping-vggt,libjpeg62-turbo:amd64:1:2.1.5-2,Ubuntu
scenescape-mapping-vggt,libjxl0.7:amd64:0.7.0-10+deb12u1,Ubuntu
scenescape-mapping-vggt,liblapack3:amd64:3.11.0-2,Ubuntu
scenescape-mapping-vggt,liblcms2-2:amd64:2.14-2,Ubuntu
scenescape-mapping-vggt,libldap-2.5-0:amd64:2.5.13+dfsg-5,Ubuntu
scenescape-mapping-vggt,liblerc4:amd64:4.0.0+ds-2,Ubuntu
scenescape-mapping-vggt,liblilv-0-0:amd64:0.24.14-1,Ubuntu
scenescape-mapping-vggt,libllvm15:amd64:1:15.0.6-4+b1,Ubuntu
scenescape-mapping-vggt,libmbedcrypto7:amd64:2.28.3-1,Ubuntu
scenescape-mapping-vggt,libmfx1:amd64:22.5.4-1,Ubuntu
scenescape-mapping-vggt,libmp3lame0:amd64:3.100-6,Ubuntu
scenescape-mapping-vggt,libmpg123-0:amd64:1.31.2-1+deb12u1,Ubuntu
scenescape-mapping-vggt,libmysofa1:amd64:1.3.1~dfsg0-1,Ubuntu
scenescape-mapping-vggt,libnghttp2-14:amd64:1.52.0-1+deb12u2,Ubuntu
scenescape-mapping-vggt,libnorm1:amd64:1.5.9+dfsg-2,Ubuntu
scenescape-mapping-vggt,libnuma1:amd64:2.0.16-1,Ubuntu
scenescape-mapping-vggt,libogg0:amd64:1.3.5-3,Ubuntu
scenescape-mapping-vggt,libopenal-data:1:1.19.1-2,Ubuntu
scenescape-mapping-vggt,libopenal1:amd64:1:1.19.1-2,Ubuntu
scenescape-mapping-vggt,libopenjp2-7:amd64:2.5.0-2+deb12u2,Ubuntu
scenescape-mapping-vggt,libopenmpt0:amd64:0.6.9-1,Ubuntu
scenescape-mapping-vggt,libopus0:amd64:1.3.1-3,Ubuntu
scenescape-mapping-vggt,libpango-1.0-0:amd64:1.50.12+ds-1,Ubuntu
scenescape-mapping-vggt,libpangocairo-1.0-0:amd64:1.50.12+ds-1,Ubuntu
scenescape-mapping-vggt,libpangoft2-1.0-0:amd64:1.50.12+ds-1,Ubuntu
scenescape-mapping-vggt,libpciaccess0:amd64:0.17-2,Ubuntu
scenescape-mapping-vggt,libperl5.36:amd64:5.36.0-7+deb12u3,Ubuntu
scenescape-mapping-vggt,libpgm-5.3-0:amd64:5.3.128~dfsg-2,Ubuntu
scenescape-mapping-vggt,libpixman-1-0:amd64:0.42.2-1,Ubuntu
scenescape-mapping-vggt,libplacebo208:amd64:4.208.0-3,Ubuntu
scenescape-mapping-vggt,libpng16-16:amd64:1.6.39-2+deb12u3,Ubuntu
scenescape-mapping-vggt,libpocketsphinx3:amd64:0.8+5prealpha+1-15,Ubuntu
scenescape-mapping-vggt,libpostproc56:amd64:7:5.1.8-0+deb12u1,Ubuntu
scenescape-mapping-vggt,libpsl5:amd64:0.21.2-1,Ubuntu
scenescape-mapping-vggt,libpthread-stubs0-dev:amd64:0.4-1,Ubuntu
scenescape-mapping-vggt,libpulse0:amd64:16.1+dfsg1-2+b1,Ubuntu
scenescape-mapping-vggt,libquadmath0:amd64:12.2.0-14+deb12u1,Ubuntu
scenescape-mapping-vggt,librabbitmq4:amd64:0.11.0-1+deb12u1,Ubuntu
scenescape-mapping-vggt,librav1e0:amd64:0.5.1-6,Ubuntu
scenescape-mapping-vggt,libraw1394-11:amd64:2.1.2-2,Ubuntu
scenescape-mapping-vggt,librist4:amd64:0.2.7+dfsg-1,Ubuntu
scenescape-mapping-vggt,librsvg2-2:amd64:2.54.7+dfsg-1~deb12u1,Ubuntu
scenescape-mapping-vggt,librtmp1:amd64:2.4+20151223.gitfa8646d.1-2+b2,Ubuntu
scenescape-mapping-vggt,librubberband2:amd64:3.1.2+dfsg0-1,Ubuntu
scenescape-mapping-vggt,libsamplerate0:amd64:0.2.2-3,Ubuntu
scenescape-mapping-vggt,libsasl2-2:amd64:2.1.28+dfsg-10,Ubuntu
scenescape-mapping-vggt,libsasl2-modules-db:amd64:2.1.28+dfsg-10,Ubuntu
scenescape-mapping-vggt,libsdl2-2.0-0:amd64:2.26.5+dfsg-1,Ubuntu
scenescape-mapping-vggt,libsensors-config:1:3.6.0-7.1,Ubuntu
scenescape-mapping-vggt,libsensors5:amd64:1:3.6.0-7.1,Ubuntu
scenescape-mapping-vggt,libserd-0-0:amd64:0.30.16-1,Ubuntu
scenescape-mapping-vggt,libshine3:amd64:3.1.1-2,Ubuntu
scenescape-mapping-vggt,libslang2:amd64:2.3.3-3,Ubuntu
scenescape-mapping-vggt,libsm6:amd64:2:1.2.3-1,Ubuntu
scenescape-mapping-vggt,libsnappy1v5:amd64:1.1.9-3,Ubuntu
scenescape-mapping-vggt,libsndfile1:amd64:1.2.0-1+deb12u1,Ubuntu
scenescape-mapping-vggt,libsndio7.0:amd64:1.9.0-0.3+b2,Ubuntu
scenescape-mapping-vggt,libsodium23:amd64:1.0.18-1+deb12u1,Ubuntu
scenescape-mapping-vggt,libsord-0-0:amd64:0.16.14+git221008-1,Ubuntu
scenescape-mapping-vggt,libsoxr0:amd64:0.1.3-4,Ubuntu
scenescape-mapping-vggt,libspeex1:amd64:1.2.1-2,Ubuntu
scenescape-mapping-vggt,libsphinxbase3:amd64:0.8+5prealpha+1-16,Ubuntu
scenescape-mapping-vggt,libsratom-0-0:amd64:0.6.14-1,Ubuntu
scenescape-mapping-vggt,libsrt1.5-gnutls:amd64:1.5.1-1+deb12u1,Ubuntu
scenescape-mapping-vggt,libssh-gcrypt-4:amd64:0.10.6-0+deb12u2,Ubuntu
scenescape-mapping-vggt,libssh2-1:amd64:1.10.0-3+b1,Ubuntu
scenescape-mapping-vggt,libsvtav1enc1:amd64:1.4.1+dfsg-1,Ubuntu
scenescape-mapping-vggt,libswresample4:amd64:7:5.1.8-0+deb12u1,Ubuntu
scenescape-mapping-vggt,libswscale6:amd64:7:5.1.8-0+deb12u1,Ubuntu
scenescape-mapping-vggt,libthai-data:0.1.29-1,Ubuntu
scenescape-mapping-vggt,libthai0:amd64:0.1.29-1,Ubuntu
scenescape-mapping-vggt,libtheora0:amd64:1.1.1+dfsg.1-16.1+deb12u1,Ubuntu
scenescape-mapping-vggt,libtiff6:amd64:4.5.0-6+deb12u3,Ubuntu
scenescape-mapping-vggt,libtwolame0:amd64:0.4.0-2,Ubuntu
scenescape-mapping-vggt,libudfread0:amd64:1.1.2-1,Ubuntu
scenescape-mapping-vggt,libusb-1.0-0:amd64:2:1.0.26-1,Ubuntu
scenescape-mapping-vggt,libva-drm2:amd64:2.17.0-1,Ubuntu
scenescape-mapping-vggt,libva-x11-2:amd64:2.17.0-1,Ubuntu
scenescape-mapping-vggt,libva2:amd64:2.17.0-1,Ubuntu
scenescape-mapping-vggt,libvdpau1:amd64:1.5-2,Ubuntu
scenescape-mapping-vggt,libvidstab1.1:amd64:1.1.0-2+b1,Ubuntu
scenescape-mapping-vggt,libvorbis0a:amd64:1.3.7-1,Ubuntu
scenescape-mapping-vggt,libvorbisenc2:amd64:1.3.7-1,Ubuntu
scenescape-mapping-vggt,libvorbisfile3:amd64:1.3.7-1,Ubuntu
scenescape-mapping-vggt,libvpx7:amd64:1.12.0-1+deb12u5,Ubuntu
scenescape-mapping-vggt,libvulkan1:amd64:1.3.239.0-1,Ubuntu
scenescape-mapping-vggt,libwayland-client0:amd64:1.21.0-1,Ubuntu
scenescape-mapping-vggt,libwayland-cursor0:amd64:1.21.0-1,Ubuntu
scenescape-mapping-vggt,libwayland-egl1:amd64:1.21.0-1,Ubuntu
scenescape-mapping-vggt,libwayland-server0:amd64:1.21.0-1,Ubuntu
scenescape-mapping-vggt,libwebp7:amd64:1.2.4-0.2+deb12u1,Ubuntu
scenescape-mapping-vggt,libwebpmux3:amd64:1.2.4-0.2+deb12u1,Ubuntu
scenescape-mapping-vggt,libx11-6:amd64:2:1.8.4-2+deb12u2,Ubuntu
scenescape-mapping-vggt,libx11-data:2:1.8.4-2+deb12u2,Ubuntu
scenescape-mapping-vggt,libx11-dev:amd64:2:1.8.4-2+deb12u2,Ubuntu
scenescape-mapping-vggt,libx11-xcb1:amd64:2:1.8.4-2+deb12u2,Ubuntu
scenescape-mapping-vggt,libx264-164:amd64:2:0.164.3095+gitbaee400-3,Ubuntu
scenescape-mapping-vggt,libx265-199:amd64:3.5-2+b1,Ubuntu
scenescape-mapping-vggt,libxau-dev:amd64:1:1.0.9-1,Ubuntu
scenescape-mapping-vggt,libxau6:amd64:1:1.0.9-1,Ubuntu
scenescape-mapping-vggt,libxcb-dri2-0:amd64:1.15-1,Ubuntu
scenescape-mapping-vggt,libxcb-dri3-0:amd64:1.15-1,Ubuntu
scenescape-mapping-vggt,libxcb-glx0:amd64:1.15-1,Ubuntu
scenescape-mapping-vggt,libxcb-present0:amd64:1.15-1,Ubuntu
scenescape-mapping-vggt,libxcb-randr0:amd64:1.15-1,Ubuntu
scenescape-mapping-vggt,libxcb-render0:amd64:1.15-1,Ubuntu
scenescape-mapping-vggt,libxcb-shape0:amd64:1.15-1,Ubuntu
scenescape-mapping-vggt,libxcb-shm0:amd64:1.15-1,Ubuntu
scenescape-mapping-vggt,libxcb-sync1:amd64:1.15-1,Ubuntu
scenescape-mapping-vggt,libxcb-xfixes0:amd64:1.15-1,Ubuntu
scenescape-mapping-vggt,libxcb1-dev:amd64:1.15-1,Ubuntu
scenescape-mapping-vggt,libxcb1:amd64:1.15-1,Ubuntu
scenescape-mapping-vggt,libxcursor1:amd64:1:1.2.1-1,Ubuntu
scenescape-mapping-vggt,libxdmcp-dev:amd64:1:1.1.2-3,Ubuntu
scenescape-mapping-vggt,libxdmcp6:amd64:1:1.1.2-3,Ubuntu
scenescape-mapping-vggt,libxext6:amd64:2:1.3.4-1+b1,Ubuntu
scenescape-mapping-vggt,libxfixes3:amd64:1:6.0.0-2,Ubuntu
scenescape-mapping-vggt,libxi6:amd64:2:1.8-1+b1,Ubuntu
scenescape-mapping-vggt,libxkbcommon0:amd64:1.5.0-1,Ubuntu
scenescape-mapping-vggt,libxml2:amd64:2.9.14+dfsg-1.3~deb12u5,Ubuntu
scenescape-mapping-vggt,libxrandr2:amd64:2:1.5.2-2+b1,Ubuntu
scenescape-mapping-vggt,libxrender-dev:amd64:1:0.9.10-1.1,Ubuntu
scenescape-mapping-vggt,libxrender1:amd64:1:0.9.10-1.1,Ubuntu
scenescape-mapping-vggt,libxshmfence1:amd64:1.3-1,Ubuntu
scenescape-mapping-vggt,libxss1:amd64:1:1.2.3-1,Ubuntu
scenescape-mapping-vggt,libxv1:amd64:2:1.0.11-1.1,Ubuntu
scenescape-mapping-vggt,libxvidcore4:amd64:2:1.3.7-1,Ubuntu
scenescape-mapping-vggt,libxxf86vm1:amd64:1:1.1.4-1+b2,Ubuntu
scenescape-mapping-vggt,libz3-4:amd64:4.8.12-3.1,Ubuntu
scenescape-mapping-vggt,libzimg2:amd64:3.0.4+ds1-1,Ubuntu
scenescape-mapping-vggt,libzmq5:amd64:4.3.4-6,Ubuntu
scenescape-mapping-vggt,libzvbi-common:0.2.41-1,Ubuntu
scenescape-mapping-vggt,libzvbi0:amd64:0.2.41-1,Ubuntu
scenescape-mapping-vggt,lightglue @ git+https://github.com/jytime/LightGlue.git@2f23ca2ea9638cecad7f7220795210fc6b8353c3,pypi
scenescape-mapping-vggt,lxml==6.0.2,pypi
scenescape-mapping-vggt,manifold3d==3.4.0,pypi
scenescape-mapping-vggt,mapbox_earcut==2.0.0,pypi
scenescape-mapping-vggt,markdown-it-py==4.0.0,pypi
scenescape-mapping-vggt,matplotlib-inline==0.2.1,pypi
scenescape-mapping-vggt,matplotlib==3.10.8,pypi
scenescape-mapping-vggt,mdurl==0.1.2,pypi
scenescape-mapping-vggt,mpmath==1.3.0,pypi
scenescape-mapping-vggt,msgspec==0.20.0,pypi
scenescape-mapping-vggt,narwhals==2.18.0,pypi
scenescape-mapping-vggt,nbformat==5.10.4,pypi
scenescape-mapping-vggt,nest-asyncio==1.6.0,pypi
scenescape-mapping-vggt,networkx==3.6.1,pypi
scenescape-mapping-vggt,nodeenv==1.10.0,pypi
scenescape-mapping-vggt,numpy==1.26.1,pypi
scenescape-mapping-vggt,ocl-icd-libopencl1:amd64:2.3.1-1,Ubuntu
scenescape-mapping-vggt,omegaconf==2.3.0,pypi
scenescape-mapping-vggt,onnxruntime==1.24.3,pypi
scenescape-mapping-vggt,open3d-cpu==0.19.0,pypi
scenescape-mapping-vggt,opencv-python-headless==4.13.0.92,pypi
scenescape-mapping-vggt,opencv-python==4.11.0.86,pypi
scenescape-mapping-vggt,orjson==3.11.7,pypi
scenescape-mapping-vggt,packaging==26.0,pypi
scenescape-mapping-vggt,pandas==2.3.3,pypi
scenescape-mapping-vggt,parso==0.8.6,pypi
scenescape-mapping-vggt,perl-modules-5.36:5.36.0-7+deb12u3,Ubuntu
scenescape-mapping-vggt,perl:5.36.0-7+deb12u3,Ubuntu
scenescape-mapping-vggt,pexpect==4.9.0,pypi
scenescape-mapping-vggt,pillow==11.3.0,pypi
scenescape-mapping-vggt,pip==26.0.1,pypi
scenescape-mapping-vggt,platformdirs==4.9.4,pypi
scenescape-mapping-vggt,plotly==6.6.0,pypi
scenescape-mapping-vggt,plyfile==1.1.3,pypi
scenescape-mapping-vggt,prompt_toolkit==3.0.52,pypi
scenescape-mapping-vggt,protobuf==7.34.0,pypi
scenescape-mapping-vggt,psutil==7.2.2,pypi
scenescape-mapping-vggt,ptyprocess==0.7.0,pypi
scenescape-mapping-vggt,pure_eval==0.2.3,pypi
scenescape-mapping-vggt,pyceres==2.3,pypi
scenescape-mapping-vggt,pycollada==0.9.3,pypi
scenescape-mapping-vggt,pycolmap==3.10.0,pypi
scenescape-mapping-vggt,pydantic==2.10.6,pypi
scenescape-mapping-vggt,pydantic_core==2.27.2,pypi
scenescape-mapping-vggt,pydub==0.25.1,pypi
scenescape-mapping-vggt,pyparsing==3.3.2,pypi
scenescape-mapping-vggt,pyquaternion==0.9.9,pypi
scenescape-mapping-vggt,python-dateutil==2.9.0.post0,pypi
scenescape-mapping-vggt,python-multipart==0.0.22,pypi
scenescape-mapping-vggt,pytz==2026.1.post1,pypi
scenescape-mapping-vggt,referencing==0.37.0,pypi
scenescape-mapping-vggt,requests==2.32.5,pypi
scenescape-mapping-vggt,retrying==1.4.2,pypi
scenescape-mapping-vggt,rich==14.3.3,pypi
scenescape-mapping-vggt,rpds-py==0.30.0,pypi
scenescape-mapping-vggt,rtree==1.4.1,pypi
scenescape-mapping-vggt,ruff==0.15.5,pypi
scenescape-mapping-vggt,safehttpx==0.1.7,pypi
scenescape-mapping-vggt,safetensors==0.7.0,pypi
scenescape-mapping-vggt,scikit-image==0.26.0,pypi
scenescape-mapping-vggt,scikit-learn==1.8.0,pypi
scenescape-mapping-vggt,scipy==1.16.3,pypi
scenescape-mapping-vggt,semantic-version==2.10.0,pypi
scenescape-mapping-vggt,setuptools==82.0.1,pypi
scenescape-mapping-vggt,shapely==2.1.2,pypi
scenescape-mapping-vggt,shared-mime-info:2.2-1,Ubuntu
scenescape-mapping-vggt,shellingham==1.5.4,pypi
scenescape-mapping-vggt,six==1.17.0,pypi
scenescape-mapping-vggt,stack-data==0.6.3,pypi
scenescape-mapping-vggt,starlette==0.52.1,pypi
scenescape-mapping-vggt,svg.path==7.0,pypi
scenescape-mapping-vggt,sympy==1.14.0,pypi
scenescape-mapping-vggt,threadpoolctl==3.6.0,pypi
scenescape-mapping-vggt,tifffile==2026.3.3,pypi
scenescape-mapping-vggt,tomlkit==0.13.3,pypi
scenescape-mapping-vggt,torch==2.3.1+cpu,pypi
scenescape-mapping-vggt,torchvision==0.18.1+cpu,pypi
scenescape-mapping-vggt,tqdm==4.67.3,pypi
scenescape-mapping-vggt,traitlets==5.14.3,pypi
scenescape-mapping-vggt,trimesh==4.11.3,pypi
scenescape-mapping-vggt,typeguard==4.5.1,pypi
scenescape-mapping-vggt,typer==0.24.1,pypi
scenescape-mapping-vggt,typing-inspection==0.4.2,pypi
scenescape-mapping-vggt,typing_extensions==4.15.0,pypi
scenescape-mapping-vggt,tyro==1.0.8,pypi
scenescape-mapping-vggt,tzdata==2025.3,pypi
scenescape-mapping-vggt,urllib3==2.6.3,pypi
scenescape-mapping-vggt,uvicorn==0.41.0,pypi
scenescape-mapping-vggt,vhacdx==0.0.10,pypi
scenescape-mapping-vggt,viser==0.2.23,pypi
scenescape-mapping-vggt,wcwidth==0.6.0,pypi
scenescape-mapping-vggt,websockets==14.2,pypi
scenescape-mapping-vggt,wheel==0.46.3,pypi
scenescape-mapping-vggt,widgetsnbextension==4.0.15,pypi
scenescape-mapping-vggt,x11-common:1:7.7+23,Ubuntu
scenescape-mapping-vggt,x11proto-dev:2022.1-1,Ubuntu
scenescape-mapping-vggt,xkb-data:2.35.1-1,Ubuntu
scenescape-mapping-vggt,xorg-sgml-doctools:1:1.11-1.1,Ubuntu
scenescape-mapping-vggt,xtrans-dev:1.4.0-1,Ubuntu
scenescape-mapping-vggt,xxhash==3.6.0,pypi
scenescape-mapping-vggt,yourdfpy==0.0.60,pypi
scenescape-mapping-vggt,zipp==3.23.0,pypi
scenescape-model-installer,ca-certificates:20240203,Ubuntu
scenescape-model-installer,gcc-14-base:amd64:14.2.0-4ubuntu2~24.04.1,Ubuntu
scenescape-model-installer,libexpat1:amd64:2.6.1-2ubuntu0.4,Ubuntu
scenescape-model-installer,libgcc-s1:amd64:14.2.0-4ubuntu2~24.04.1,Ubuntu
scenescape-model-installer,libgnutls30t64:amd64:3.8.3-1.1ubuntu3.5,Ubuntu
scenescape-model-installer,libpsl5t64:amd64:0.21.2-1.1build1,Ubuntu
scenescape-model-installer,libpython3-stdlib:amd64:3.12.3-0ubuntu2.1,Ubuntu
scenescape-model-installer,libpython3.12-minimal:amd64:3.12.3-1ubuntu0.12,Ubuntu
scenescape-model-installer,libpython3.12-stdlib:amd64:3.12.3-1ubuntu0.12,Ubuntu
scenescape-model-installer,libreadline8t64:amd64:8.2-4build1,Ubuntu
scenescape-model-installer,libsqlite3-0:amd64:3.45.1-1ubuntu2.5,Ubuntu
scenescape-model-installer,libstdc++6:amd64:14.2.0-4ubuntu2~24.04.1,Ubuntu
scenescape-model-installer,media-types:10.1.0,Ubuntu
scenescape-model-installer,mpmath==1.3.0,pypi
scenescape-model-installer,netbase:6.4,Ubuntu
scenescape-model-installer,openssl:3.0.13-0ubuntu3.7,Ubuntu
scenescape-model-installer,pip==24.0,pypi
scenescape-model-installer,python3-minimal:3.12.3-0ubuntu2.1,Ubuntu
scenescape-model-installer,python3-pip:24.0+dfsg-1ubuntu1.3,Ubuntu
scenescape-model-installer,python3-pkg-resources:68.1.2-2ubuntu1.2,Ubuntu
scenescape-model-installer,python3-setuptools:68.1.2-2ubuntu1.2,Ubuntu
scenescape-model-installer,python3-wheel:0.42.0-2,Ubuntu
scenescape-model-installer,python3.12-minimal:3.12.3-1ubuntu0.12,Ubuntu
scenescape-model-installer,python3.12:3.12.3-1ubuntu0.12,Ubuntu
scenescape-model-installer,python3:3.12.3-0ubuntu2.1,Ubuntu
scenescape-model-installer,readline-common:8.2-4build1,Ubuntu
scenescape-model-installer,setuptools==68.1.2,pypi
scenescape-model-installer,tzdata:2025b-0ubuntu0.24.04.1,Ubuntu
scenescape-model-installer,wget:1.21.4-1ubuntu4.1,Ubuntu
scenescape-model-installer,wheel==0.42.0,pypi
scenescape-tracker,abseil/20250127.0,conan
scenescape-tracker,autoconf/2.71,conan
scenescape-tracker,automake/1.16.5,conan
scenescape-tracker,c-ares/1.34.6,conan
scenescape-tracker,cli11/2.6.0,conan
scenescape-tracker,cmake/3.31.11,conan
scenescape-tracker,cmake/4.2.3,conan
scenescape-tracker,cpp-httplib/0.28.0,conan
scenescape-tracker,eigen/3.4.0,conan
scenescape-tracker,gnu-config/cci.20210814,conan
scenescape-tracker,grpc/1.67.1,conan
scenescape-tracker,gtest/1.17.0,conan
scenescape-tracker,libc6:amd64:2.41-12+deb13u1,Ubuntu
scenescape-tracker,libcurl/8.18.0,conan
scenescape-tracker,libgcc-s1:amd64:14.2.0-19,Ubuntu
scenescape-tracker,libgomp1:amd64:14.2.0-19,Ubuntu
scenescape-tracker,libstdc++6:amd64:14.2.0-19,Ubuntu
scenescape-tracker,libtool/2.4.7,conan
scenescape-tracker,m4/1.4.19,conan
scenescape-tracker,meson/1.10.1,conan
scenescape-tracker,ms-gsl/4.0.0,conan
scenescape-tracker,ninja/1.13.2,conan
scenescape-tracker,nlohmann_json/3.11.3,conan
scenescape-tracker,opencv/4.12.0,conan
scenescape-tracker,openjpeg/2.5.4,conan
scenescape-tracker,openssl/3.6.1,conan
scenescape-tracker,opentelemetry-cpp/1.18.0,conan
scenescape-tracker,opentelemetry-proto/1.4.0,conan
scenescape-tracker,paho-mqtt-c/1.3.13,conan
scenescape-tracker,paho-mqtt-cpp/1.5.3,conan
scenescape-tracker,pkgconf/2.5.1,conan
scenescape-tracker,protobuf/5.27.0,conan
scenescape-tracker,quill/11.0.2,conan
scenescape-tracker,rapidjson/cci.20230929,conan
scenescape-tracker,re2/20230301,conan
scenescape-tracker,stduuid/1.2.3,conan
scenescape-tracker,zlib/1.3.1,conan
